Date,High,Low,Open,Close,Adj Close,Volume
2018-01-02,10.8,10.2,10.45,10.2,3.853,6600.0
2018-01-03,10.5,10.0,10.0,10.2,3.853,12950.0
2018-01-04,10.5,10.0,10.1,10.0,3.777,7710.0
2018-01-05,10.0,10.0,10.0,10.0,3.777,1250.0
2018-01-08,9.8,9.8,9.8,9.8,3.702,380.0
2018-01-09,10.0,9.7,10.0,10.0,3.777,19920.0
2018-01-10,10.4,9.7,10.0,10.4,3.929,36470.0
2018-01-11,10.3,9.75,10.0,9.75,3.683,5310.0
2018-01-12,10.4,9.75,10.4,10.35,3.91,5710.0
2018-01-15,10.8,10.8,10.8,10.8,4.08,10.0
2018-01-16,10.8,10.8,10.8,10.8,4.08,0.0
2018-01-17,11.0,11.0,11.0,11.0,4.155,10.0
2018-01-18,11.5,10.3,10.3,11.5,4.344,1010.0
2018-01-19,10.7,10.7,10.7,10.7,4.042,40.0
2018-01-22,10.1,10.1,10.1,10.1,3.815,10.0
2018-01-25,10.1,10.0,10.0,10.0,3.777,5530.0
2018-01-26,10.0,9.5,9.5,10.0,3.777,980.0
2018-01-29,10.5,10.0,10.0,10.1,3.815,5930.0
2018-01-30,10.1,9.55,9.55,10.1,3.815,13840.0
2018-01-31,10.1,10.1,10.1,10.1,3.815,1100.0
2018-02-01,10.1,10.1,10.1,10.1,3.815,0.0
2018-02-02,10.0,9.6,10.0,9.6,3.626,5490.0
2018-02-05,10.1,9.6,9.7,10.1,3.815,2020.0
2018-02-06,10.0,9.4,9.4,10.0,3.777,19610.0
2018-02-07,9.9,9.41,9.41,9.9,3.74,3540.0
2018-02-08,10.0,10.0,10.0,10.0,3.777,10.0
2018-02-09,9.7,9.7,9.7,9.7,3.664,2080.0
2018-02-12,10.0,9.03,9.03,9.9,3.74,2920.0
2018-02-13,10.0,9.99,10.0,9.99,3.774,810.0
2018-02-21,9.99,9.34,9.99,9.34,3.528,810.0
2018-02-22,9.99,9.99,9.99,9.99,3.774,14240.0
2018-02-23,10.0,10.0,10.0,10.0,3.777,17330.0
2018-02-26,10.55,10.4,10.4,10.55,3.985,3200.0
2018-02-27,10.4,10.4,10.4,10.4,3.929,150.0
2018-02-28,10.4,10.0,10.0,10.0,3.777,1910.0
2018-03-01,10.4,9.6,10.0,10.4,3.929,1510.0
2018-03-02,10.35,10.0,10.0,10.35,3.91,180.0
2018-03-05,10.3,9.65,10.0,10.3,3.891,3250.0
2018-03-06,10.0,10.0,10.0,10.0,3.777,9550.0
2018-03-07,10.0,9.51,10.0,9.51,3.592,9920.0
2018-03-08,10.1,9.61,9.61,10.1,3.815,12870.0
2018-03-09,10.3,9.8,10.1,10.3,3.891,18990.0
2018-03-12,10.8,10.0,10.8,10.15,3.834,6400.0
2018-03-13,10.45,10.0,10.45,10.0,3.777,30.0
2018-03-14,10.1,10.0,10.1,10.1,3.815,5280.0
2018-03-15,10.2,9.75,10.1,10.1,3.815,2790.0
2018-03-16,10.1,10.0,10.1,10.1,3.815,2730.0
2018-03-19,10.0,9.7,10.0,10.0,3.777,4250.0
2018-03-20,10.1,9.53,10.0,10.0,3.777,13170.0
2018-03-21,10.1,10.0,10.0,10.1,3.815,110.0
2018-03-22,10.1,10.05,10.05,10.1,3.815,3000.0
2018-03-23,10.1,10.1,10.1,10.1,3.815,0.0
2018-03-26,10.7,10.7,10.7,10.7,4.042,10.0
2018-03-27,10.3,9.96,10.0,10.3,3.891,3700.0
2018-03-28,9.8,9.7,9.7,9.8,3.702,2020.0
2018-03-29,10.0,9.8,9.8,10.0,3.777,4290.0
2018-03-30,10.0,10.0,10.0,10.0,3.777,0.0
2018-04-02,10.0,9.72,9.99,9.72,3.672,4910.0
2018-04-03,9.73,9.72,9.73,9.72,3.672,1000.0
2018-04-04,10.0,9.75,9.8,10.0,3.777,2220.0
2018-04-05,10.7,9.6,9.8,10.7,4.042,15540.0
2018-04-06,10.3,10.0,10.0,10.3,3.891,3480.0
2018-04-09,10.2,9.8,9.8,10.2,3.853,9390.0
2018-04-10,10.2,9.9,10.15,9.9,3.74,1840.0
2018-04-11,10.15,10.0,10.1,10.0,3.777,4250.0
2018-04-12,10.2,10.2,10.2,10.2,3.853,670.0
2018-04-13,10.25,10.25,10.25,10.25,3.872,280.0
2018-04-16,10.25,10.0,10.25,10.0,3.777,90.0
2018-04-17,10.25,10.25,10.25,10.25,3.872,10.0
2018-04-18,10.3,9.9,9.95,10.0,3.777,23880.0
2018-04-19,10.0,9.56,10.0,9.56,3.611,14590.0
2018-04-20,10.0,10.0,10.0,10.0,3.777,20.0
2018-04-23,10.3,9.31,9.5,9.32,3.521,3800.0
2018-04-24,9.91,9.3,9.3,9.5,3.589,10350.0
2018-04-26,10.1,9.33,10.1,9.33,3.524,5190.0
2018-04-27,9.6,9.33,9.6,9.33,3.524,17230.0
2018-05-02,9.7,9.69,9.7,9.69,3.66,5150.0
2018-05-03,9.7,9.33,9.7,9.6,3.626,5900.0
2018-05-04,9.0,8.07,8.07,9.0,3.766,470.0
2018-05-07,8.9,8.9,8.9,8.9,3.724,1370.0
2018-05-08,9.0,8.28,8.3,9.0,3.766,1350.0
2018-05-09,8.9,8.6,8.6,8.9,3.724,540.0
2018-05-10,9.0,9.0,9.0,9.0,3.766,10.0
2018-05-11,9.0,8.38,8.99,8.9,3.724,9650.0
2018-05-14,8.5,8.28,8.5,8.5,3.557,2300.0
2018-05-15,9.09,8.5,9.09,8.5,3.557,380.0
2018-05-16,9.08,9.08,9.08,9.08,3.799,200.0
2018-05-17,9.69,8.5,9.69,9.07,3.795,990.0
2018-05-18,9.45,8.55,9.45,8.55,3.577,170.0
2018-05-21,8.6,8.55,8.6,8.6,3.598,21920.0
2018-05-22,9.0,9.0,9.0,9.0,3.766,10.0
2018-05-23,9.37,8.37,9.37,8.37,3.502,8470.0
2018-05-24,8.7,8.6,8.6,8.7,3.64,120.0
2018-05-25,9.0,8.7,9.0,8.7,3.64,5340.0
2018-05-28,9.3,9.3,9.3,9.3,3.891,10.0
2018-05-29,9.3,9.3,9.3,9.3,3.891,0.0
2018-05-30,9.8,8.67,9.8,8.7,3.64,300.0
2018-05-31,9.21,8.7,8.7,9.2,3.849,13990.0
2018-06-01,9.2,9.2,9.2,9.2,3.849,0.0
2018-06-04,9.2,9.2,9.2,9.2,3.849,0.0
2018-06-05,9.2,9.2,9.2,9.2,3.849,0.0
2018-06-06,9.2,9.2,9.2,9.2,3.849,0.0
2018-06-07,9.2,9.2,9.2,9.2,3.849,0.0
2018-06-08,9.0,8.57,9.0,8.57,3.586,3520.0
2018-06-11,9.0,8.07,8.1,9.0,3.766,1710.0
2018-06-12,9.3,8.37,8.5,9.3,3.891,1840.0
2018-06-13,9.3,9.3,9.3,9.3,3.891,0.0
2018-06-14,9.3,9.3,9.3,9.3,3.891,0.0
2018-06-15,9.95,8.65,8.65,8.65,3.619,3920.0
2018-06-18,8.79,8.7,8.79,8.7,3.64,1330.0
2018-06-19,9.28,8.7,8.7,8.7,3.64,2480.0
2018-06-20,9.3,9.3,9.3,9.3,3.891,10.0
2018-06-21,9.3,9.3,9.3,9.3,3.891,0.0
2018-06-22,9.95,9.3,9.95,9.3,3.891,50.0
2018-06-25,9.3,9.3,9.3,9.3,3.891,0.0
2018-06-26,9.95,8.7,9.95,8.7,3.64,5240.0
2018-06-27,8.7,8.7,8.7,8.7,3.64,130.0
2018-06-28,8.7,8.7,8.7,8.7,3.64,4120.0
2018-06-29,8.7,8.7,8.7,8.7,3.64,3100.0
2018-07-02,8.7,8.7,8.7,8.7,3.64,1500.0
2018-07-03,8.77,8.3,8.3,8.77,3.669,260.0
2018-07-04,9.0,8.2,9.0,8.89,3.72,1020.0
2018-07-05,8.3,8.3,8.3,8.3,3.473,1200.0
2018-07-06,8.79,8.79,8.79,8.79,3.678,30.0
2018-07-09,9.24,9.24,9.24,9.24,3.866,10.0
2018-07-10,9.49,9.49,9.49,9.49,3.971,20.0
2018-07-11,9.88,8.83,8.83,8.83,3.695,2290.0
2018-07-12,9.1,8.3,8.3,9.1,3.808,410.0
2018-07-13,8.74,8.47,8.47,8.74,3.657,1010.0
2018-07-16,8.88,8.88,8.88,8.88,3.716,10.0
2018-07-17,8.6,8.3,8.3,8.6,3.598,310.0
2018-07-18,9.09,8.5,8.5,8.9,3.724,580.0
2018-07-19,8.9,8.9,8.9,8.9,3.724,0.0
2018-07-20,8.32,8.32,8.32,8.32,3.481,10.0
2018-07-23,8.4,8.11,8.4,8.11,3.393,5360.0
2018-07-24,8.6,8.6,8.6,8.6,3.598,10.0
2018-07-25,8.5,8.1,8.1,8.23,3.444,13710.0
2018-07-26,8.5,8.1,8.1,8.5,3.557,9940.0
2018-07-27,8.4,8.11,8.11,8.4,3.515,14550.0
2018-07-30,8.17,8.13,8.13,8.13,3.402,3270.0
2018-07-31,8.69,7.57,7.57,8.69,3.636,27150.0
2018-08-01,9.28,8.11,9.2,9.0,3.766,6190.0
2018-08-02,9.0,8.6,8.6,8.61,3.603,170.0
2018-08-03,8.61,8.61,8.61,8.61,3.603,100.0
2018-08-06,9.0,8.5,8.5,9.0,3.766,6160.0
2018-08-07,9.3,8.41,9.3,8.41,3.519,40.0
2018-08-08,8.99,8.98,8.99,8.98,3.757,520.0
2018-08-09,9.3,9.3,9.3,9.3,3.891,10.0
2018-08-10,9.2,8.66,8.66,9.2,3.849,2100.0
2018-08-13,9.4,9.4,9.4,9.4,3.933,10.0
2018-08-14,8.76,8.76,8.76,8.76,3.665,1590.0
2018-08-15,9.0,9.0,9.0,9.0,3.766,20.0
2018-08-16,9.0,9.0,9.0,9.0,3.766,0.0
2018-08-17,9.63,8.8,9.63,8.9,3.724,750.0
2018-08-20,9.4,9.4,9.4,9.4,3.933,10.0
2018-08-21,8.99,8.75,8.8,8.99,3.762,8430.0
2018-08-22,9.61,8.46,8.46,9.61,4.021,620.0
2018-08-23,9.8,8.94,9.8,9.3,3.891,3830.0
2018-08-24,8.8,8.65,8.65,8.7,3.64,9790.0
2018-08-27,9.3,9.28,9.3,9.28,3.883,2010.0
2018-08-28,9.28,9.28,9.28,9.28,3.883,0.0
2018-08-29,8.8,8.64,8.64,8.8,3.682,3060.0
2018-08-30,9.31,8.31,8.31,8.52,3.565,4730.0
2018-08-31,9.0,8.53,9.0,8.57,3.586,8040.0
2018-09-04,9.1,8.5,9.0,8.5,3.557,120.0
2018-09-05,9.0,8.3,8.3,9.0,3.766,20.0
2018-09-06,9.59,8.45,9.59,8.5,3.557,100.0
2018-09-07,8.9,8.9,8.9,8.9,3.724,10.0
2018-09-10,8.9,8.9,8.9,8.9,3.724,0.0
2018-09-11,8.9,8.9,8.9,8.9,3.724,0.0
2018-09-12,8.7,8.7,8.7,8.7,3.64,10.0
2018-09-13,9.3,8.16,9.3,8.5,3.557,6320.0
2018-09-14,9.09,8.12,9.09,8.9,3.724,1280.0
2018-09-17,8.9,8.31,8.31,8.9,3.724,220.0
2018-09-18,9.0,8.28,8.99,8.6,3.598,37410.0
2018-09-19,9.09,8.31,9.09,8.6,3.598,21220.0
2018-09-20,9.2,9.19,9.19,9.2,3.849,27220.0
2018-09-21,9.84,9.84,9.84,9.84,4.117,105580.0
2018-09-24,10.5,10.0,10.5,10.0,4.184,166150.0
2018-09-25,10.65,9.9,10.65,10.0,4.184,35950.0
2018-09-26,10.0,9.8,10.0,9.8,4.1,21440.0
2018-09-27,9.8,9.13,9.13,9.4,3.933,35220.0
2018-09-28,9.99,9.32,9.99,9.88,4.134,6230.0
2018-10-01,10.5,9.4,10.5,9.41,3.937,32860.0
2018-10-02,9.86,9.21,9.7,9.84,4.117,7880.0
2018-10-03,10.0,9.22,10.0,9.79,4.096,3730.0
2018-10-04,9.89,9.21,9.89,9.81,4.105,13930.0
2018-10-05,9.87,9.2,9.7,9.59,4.013,32670.0
2018-10-08,10.05,9.6,10.05,9.63,4.029,5800.0
2018-10-09,9.98,9.4,9.98,9.63,4.029,5260.0
2018-10-10,9.75,9.5,9.75,9.5,3.975,25770.0
2018-10-11,9.5,8.84,8.86,8.84,3.699,70120.0
2018-10-12,9.2,8.5,8.84,9.2,3.849,9950.0
2018-10-15,9.6,8.84,8.84,9.49,3.971,90.0
2018-10-16,9.49,8.85,9.49,9.3,3.891,15690.0
2018-10-17,9.4,8.87,9.0,9.25,3.87,320.0
2018-10-18,9.2,9.0,9.0,9.2,3.849,2850.0
2018-10-19,9.2,8.56,9.2,9.2,3.849,9890.0
2018-10-22,9.5,8.61,8.62,9.3,3.891,13780.0
2018-10-23,9.35,8.84,9.35,8.84,3.699,340.0
2018-10-24,9.1,8.68,9.1,9.0,3.766,2520.0
2018-10-25,9.0,8.79,8.8,8.79,3.678,1600.0
2018-10-26,9.1,8.8,9.1,8.8,3.682,7630.0
2018-10-29,9.1,8.8,9.1,8.88,3.716,13220.0
2018-10-30,9.0,8.9,9.0,8.9,3.724,1520.0
2018-10-31,9.0,8.32,9.0,8.9,3.724,5300.0
2018-11-01,8.99,8.33,8.99,8.98,3.757,100.0
2018-11-02,9.0,8.99,8.99,9.0,3.766,4120.0
2018-11-05,9.59,8.4,9.59,8.95,3.745,7530.0
2018-11-06,8.95,8.4,8.7,8.9,3.724,1190.0
2018-11-07,8.9,8.9,8.9,8.9,3.724,0.0
2018-11-08,9.3,8.5,9.3,8.8,3.682,10580.0
2018-11-09,8.98,8.5,8.98,8.7,3.64,1500.0
2018-11-12,8.8,8.7,8.8,8.8,3.682,2480.0
2018-11-13,8.7,8.5,8.6,8.5,3.557,4810.0
2018-11-14,8.9,8.9,8.9,8.9,3.724,40.0
2018-11-15,8.86,8.5,8.55,8.5,3.557,6680.0
2018-11-16,8.99,8.5,8.99,8.87,3.711,5050.0
2018-11-19,9.47,8.8,9.47,9.3,3.891,11910.0
2018-11-20,9.38,8.65,9.38,8.69,3.636,3950.0
2018-11-21,8.97,8.96,8.97,8.96,3.749,1710.0
2018-11-22,9.3,8.6,9.3,8.96,3.749,6560.0
2018-11-23,8.8,8.61,8.8,8.61,3.603,10150.0
2018-11-26,9.12,9.1,9.12,9.1,3.808,20.0
2018-11-27,9.48,9.0,9.48,9.0,3.766,2010.0
2018-11-28,9.1,8.6,8.61,8.8,3.682,12450.0
2018-11-29,8.9,8.61,8.8,8.9,3.724,18300.0
2018-11-30,8.99,8.3,8.99,8.8,3.682,5020.0
2018-12-03,8.7,8.42,8.7,8.69,3.636,17530.0
2018-12-04,9.1,8.5,9.1,8.79,3.678,10020.0
2018-12-05,9.0,8.43,9.0,8.9,3.724,19030.0
2018-12-06,8.99,8.65,8.65,8.82,3.69,8890.0
2018-12-07,9.0,8.82,8.83,8.85,3.703,10380.0
2018-12-10,8.99,8.86,8.86,8.99,3.762,2440.0
2018-12-11,9.2,8.66,8.99,9.15,3.828,4690.0
2018-12-12,9.14,8.61,8.8,9.0,3.766,3700.0
2018-12-13,9.1,9.0,9.1,9.0,3.766,1410.0
2018-12-14,9.15,8.9,8.9,9.15,3.828,700.0
2018-12-17,8.98,8.53,8.9,8.98,3.757,1220.0
2018-12-18,9.19,8.4,8.8,8.79,3.678,10150.0
2018-12-19,9.04,9.04,9.04,9.04,3.782,20.0
2018-12-20,8.99,8.98,8.98,8.99,3.762,20.0
2018-12-21,9.0,8.7,8.7,8.99,3.762,960.0
2018-12-24,8.99,8.7,8.7,8.8,3.682,1970.0
2018-12-25,9.13,8.65,8.7,9.13,3.82,3190.0
2018-12-26,9.1,8.7,8.7,9.1,3.808,1010.0
2018-12-27,9.11,8.7,9.11,9.09,3.803,460.0
2018-12-28,8.8,8.52,8.8,8.6,3.598,5490.0
2019-01-02,9.0,8.6,8.6,9.0,3.766,2010.0
2019-01-03,9.0,8.6,8.6,9.0,3.766,11460.0
2019-01-04,9.0,9.0,9.0,9.0,3.766,0.0
2019-01-07,8.89,8.4,8.4,8.89,3.72,5940.0
2019-01-08,8.78,8.6,8.6,8.78,3.674,2100.0
2019-01-09,8.79,8.78,8.79,8.78,3.674,7270.0
2019-01-10,8.9,8.77,8.78,8.9,3.724,9370.0
2019-01-11,8.9,8.6,8.6,8.9,3.724,300.0
2019-01-14,8.9,8.9,8.9,8.9,3.724,0.0
2019-01-15,8.9,8.9,8.9,8.9,3.724,1000.0
2019-01-16,9.0,8.33,9.0,8.9,3.724,4710.0
2019-01-17,8.9,8.3,8.3,8.9,3.724,5710.0
2019-01-18,8.9,8.5,8.6,8.9,3.724,1010.0
2019-01-21,8.88,8.79,8.88,8.79,3.678,300.0
2019-01-22,8.79,8.41,8.79,8.65,3.619,27420.0
2019-01-23,8.8,8.43,8.44,8.8,3.682,7990.0
2019-01-24,8.79,8.39,8.39,8.79,3.678,1010.0
2019-01-25,8.76,8.4,8.4,8.76,3.665,1010.0
2019-01-28,8.75,8.35,8.38,8.75,3.661,4000.0
2019-01-29,8.75,8.75,8.75,8.75,3.661,0.0
2019-01-30,8.74,8.35,8.35,8.74,3.657,510.0
2019-01-31,8.74,8.74,8.74,8.74,3.657,0.0
2019-02-01,8.74,8.74,8.74,8.74,3.657,0.0
2019-02-11,8.8,8.74,8.74,8.8,3.682,18760.0
2019-02-12,8.8,8.8,8.8,8.8,3.682,0.0
2019-02-13,8.8,8.6,8.8,8.75,3.661,2310.0
2019-02-14,8.78,8.7,8.78,8.7,3.64,2010.0
2019-02-15,8.74,8.5,8.74,8.7,3.64,760.0
2019-02-18,8.7,8.7,8.7,8.7,3.64,7130.0
2019-02-19,8.73,8.6,8.7,8.6,3.598,440.0
2019-02-20,8.6,8.6,8.6,8.6,3.598,0.0
2019-02-21,8.65,8.5,8.65,8.55,3.577,740.0
2019-02-22,8.9,8.59,8.59,8.9,3.724,11380.0
2019-02-25,8.89,8.41,8.41,8.7,3.64,4260.0
2019-02-26,8.9,8.5,8.5,8.9,3.724,2110.0
2019-02-27,8.9,8.9,8.9,8.9,3.724,0.0
2019-02-28,8.9,8.5,8.65,8.55,3.577,16560.0
2019-03-01,8.8,8.8,8.8,8.8,3.682,110.0
2019-03-04,8.8,8.41,8.42,8.41,3.519,910.0
2019-03-05,8.99,8.61,8.84,8.99,3.762,27650.0
2019-03-06,9.45,8.8,9.1,8.8,3.682,29320.0
2019-03-07,9.2,8.7,8.71,9.2,3.849,2520.0
2019-03-08,9.2,9.2,9.2,9.2,3.849,0.0
2019-03-11,9.59,8.8,9.59,9.45,3.954,14010.0
2019-03-12,9.1,8.9,8.9,9.1,3.808,12500.0
2019-03-13,9.2,9.0,9.2,9.2,3.849,7950.0
2019-03-14,9.2,8.91,9.2,8.91,3.728,5250.0
2019-03-15,9.15,8.92,8.92,9.15,3.828,950.0
2019-03-18,8.71,8.71,8.71,8.71,3.644,10.0
2019-03-19,9.19,8.61,8.71,9.0,3.766,6530.0
2019-03-20,9.04,9.0,9.0,9.04,3.782,9000.0
2019-03-21,9.55,8.51,8.7,9.55,3.996,91770.0
2019-03-22,9.99,9.26,9.5,9.98,4.176,47730.0
2019-03-25,10.65,9.6,9.6,10.5,4.393,211740.0
2019-03-26,10.75,10.1,10.1,10.3,4.31,78800.0
2019-03-27,10.35,10.1,10.35,10.3,4.31,5450.0
2019-03-28,10.3,9.9,10.3,10.0,4.184,17280.0
2019-03-29,10.0,9.65,10.0,9.9,4.142,15580.0
2019-04-01,9.9,9.6,9.7,9.9,4.142,27700.0
2019-04-02,10.0,9.9,10.0,9.9,4.142,2100.0
2019-04-03,9.9,9.21,9.9,9.7,4.059,33740.0
2019-04-04,10.0,9.6,9.7,9.6,4.017,21320.0
2019-04-05,9.9,9.6,9.8,9.9,4.142,6720.0
2019-04-08,10.0,9.6,9.9,10.0,4.184,11300.0
2019-04-09,10.0,9.7,10.0,9.7,4.059,1720.0
2019-04-10,9.7,9.4,9.6,9.7,4.059,3860.0
2019-04-11,10.1,10.1,10.1,10.1,4.226,10.0
2019-04-12,10.0,9.8,10.0,9.95,4.163,1520.0
2019-04-16,10.4,9.9,10.4,10.0,4.184,2570.0
2019-04-17,10.0,9.55,10.0,9.9,4.142,900.0
2019-04-18,10.0,9.52,9.55,10.0,4.184,22180.0
2019-04-19,10.1,9.6,9.6,9.66,4.042,15940.0
2019-04-22,9.9,9.66,9.9,9.9,4.142,50.0
2019-04-23,9.6,9.5,9.51,9.6,4.017,5300.0
2019-04-24,9.79,9.15,9.6,9.79,4.096,11830.0
2019-04-25,9.9,9.5,9.5,9.9,4.142,4890.0
2019-04-26,9.86,9.55,9.55,9.86,4.126,5480.0
2019-05-02,9.86,9.86,9.86,9.86,4.126,0.0
2019-05-03,9.98,9.85,9.85,9.98,4.176,13850.0
2019-05-06,9.79,9.43,9.43,9.78,4.092,58990.0
2019-05-07,10.0,10.0,10.0,10.0,4.184,10.0
2019-05-08,9.9,9.51,9.51,9.89,4.138,9290.0
2019-05-09,9.86,9.86,9.86,9.86,4.126,250.0
2019-05-10,9.95,9.61,9.61,9.95,4.163,18950.0
2019-05-13,9.9,9.6,9.79,9.8,4.1,18150.0
2019-05-14,9.92,9.65,9.7,9.92,4.151,14610.0
2019-05-15,9.99,9.67,9.92,9.98,4.176,45040.0
2019-05-16,9.98,9.82,9.98,9.82,4.109,21750.0
2019-05-17,9.99,9.86,9.9,9.9,4.142,38310.0
2019-05-20,10.15,9.9,9.9,10.15,4.247,9880.0
2019-05-21,10.45,10.0,10.45,10.2,4.268,4570.0
2019-05-22,10.3,10.1,10.1,10.2,4.268,18330.0
2019-05-23,10.75,10.1,10.1,10.6,4.435,66460.0
2019-05-24,10.2,9.6,10.2,9.6,4.426,86270.0
2019-05-27,10.25,9.8,9.8,10.25,4.726,31040.0
2019-05-28,10.5,9.85,10.1,10.4,4.795,12420.0
2019-05-29,10.55,10.0,10.55,10.1,4.657,31700.0
2019-05-30,10.7,10.0,10.0,10.7,4.933,40540.0
2019-05-31,10.4,10.0,10.3,10.0,4.611,12940.0
2019-06-03,10.5,9.8,9.9,10.1,4.657,6090.0
2019-06-04,10.5,10.05,10.5,10.2,4.703,14260.0
2019-06-05,10.4,10.1,10.1,10.2,4.703,28670.0
2019-06-06,10.4,9.85,9.85,10.2,4.703,27260.0
2019-06-07,10.4,10.2,10.4,10.2,4.703,8780.0
2019-06-10,10.2,10.2,10.2,10.2,4.703,15140.0
2019-06-11,10.3,10.2,10.2,10.2,4.703,20240.0
2019-06-12,10.2,9.9,10.2,9.9,4.565,21070.0
2019-06-13,10.0,9.9,9.95,9.9,4.565,5210.0
2019-06-14,10.0,9.9,10.0,9.9,4.565,4330.0
2019-06-17,10.0,9.8,9.8,10.0,4.611,5050.0
2019-06-18,10.0,9.82,9.9,9.83,4.532,13650.0
2019-06-19,9.85,9.85,9.85,9.85,4.541,4270.0
2019-06-20,9.9,9.85,9.9,9.86,4.546,6850.0
2019-06-21,10.2,10.2,10.2,10.2,4.703,10.0
2019-06-24,10.2,9.86,10.0,10.2,4.703,5650.0
2019-06-25,10.05,9.8,9.81,9.8,4.518,16050.0
2019-06-26,9.85,9.6,9.8,9.85,4.541,22060.0
2019-06-27,10.1,9.8,9.9,9.85,4.541,950.0
2019-06-28,10.15,9.8,9.8,10.15,4.68,2650.0
2019-07-01,10.2,10.0,10.15,10.2,4.703,1690.0
2019-07-02,10.2,10.2,10.2,10.2,4.703,0.0
2019-07-03,10.2,10.0,10.2,10.0,4.611,520.0
2019-07-04,10.0,9.71,10.0,9.71,4.477,5220.0
2019-07-05,9.8,9.75,9.8,9.8,4.518,6820.0
2019-07-08,9.8,9.27,9.51,9.8,4.518,2720.0
2019-07-09,9.9,9.8,9.8,9.9,4.565,1380.0
2019-07-10,9.9,9.9,9.9,9.9,4.565,1040.0
2019-07-11,10.0,10.0,10.0,10.0,4.611,200.0
2019-07-12,9.8,9.8,9.8,9.8,4.518,7020.0
2019-07-15,9.85,9.56,9.56,9.7,4.472,2040.0
2019-07-16,9.9,9.7,9.75,9.8,4.518,1210.0
2019-07-17,9.8,9.8,9.8,9.8,4.518,1250.0
2019-07-18,9.8,9.8,9.8,9.8,4.518,10.0
2019-07-19,9.7,9.55,9.55,9.7,4.472,1280.0
2019-07-22,9.7,9.7,9.7,9.7,4.472,6850.0
2019-07-23,10.0,9.51,9.7,9.9,4.565,18720.0
2019-07-24,9.9,9.8,9.9,9.9,4.565,910.0
2019-07-25,9.9,9.51,9.9,9.9,4.565,1160.0
2019-07-26,9.9,9.7,9.9,9.89,4.56,7410.0
2019-07-29,9.8,9.5,9.52,9.8,4.518,11460.0
2019-07-30,9.8,9.8,9.8,9.8,4.518,0.0
2019-07-31,9.7,9.7,9.7,9.7,4.472,2230.0
2019-08-01,9.68,9.51,9.68,9.67,4.458,1920.0
2019-08-02,9.65,9.5,9.51,9.5,4.38,12620.0
2019-08-05,9.5,9.39,9.5,9.4,4.334,11870.0
2019-08-06,9.59,9.2,9.4,9.59,4.422,4150.0
2019-08-07,9.6,9.6,9.6,9.6,4.426,10.0
2019-08-08,9.5,9.13,9.5,9.5,4.38,5050.0
2019-08-09,9.6,9.5,9.5,9.5,4.38,34140.0
2019-08-12,9.5,9.5,9.5,9.5,4.38,3540.0
2019-08-13,9.5,9.25,9.5,9.45,4.357,14220.0
2019-08-14,9.45,9.45,9.45,9.45,4.357,0.0
2019-08-15,9.7,9.7,9.7,9.7,4.472,50.0
2019-08-16,9.69,9.69,9.69,9.69,4.468,500.0
2019-08-19,9.7,9.35,9.6,9.59,4.422,10780.0
2019-08-20,9.59,9.5,9.5,9.55,4.403,7090.0
2019-08-21,9.55,9.5,9.5,9.55,4.403,6050.0
2019-08-22,9.6,9.31,9.31,9.55,4.403,28060.0
2019-08-23,9.55,9.25,9.55,9.25,4.265,28410.0
2019-08-26,9.59,9.25,9.3,9.55,4.403,34100.0
2019-08-27,9.35,9.3,9.35,9.3,4.288,5860.0
2019-08-28,9.49,8.66,9.3,9.49,4.375,13460.0
2019-08-29,9.6,9.31,9.48,9.31,4.292,3940.0
2019-08-30,9.35,9.32,9.32,9.35,4.311,1020.0
2019-09-03,9.34,9.03,9.34,9.03,4.163,1100.0
2019-09-04,9.63,8.76,8.76,9.13,4.209,11330.0
2019-09-05,9.68,8.52,8.52,9.3,4.288,7580.0
2019-09-06,9.3,9.3,9.3,9.3,4.288,0.0
2019-09-09,9.37,8.97,9.3,9.37,4.32,5180.0
2019-09-10,9.38,8.73,9.0,8.78,4.048,6510.0
2019-09-11,9.38,8.81,9.38,9.2,4.242,5180.0
2019-09-12,9.19,8.9,8.92,9.0,4.15,17080.0
2019-09-13,9.0,8.61,9.0,8.93,4.117,29540.0
2019-09-16,8.93,8.43,8.93,8.9,4.103,2960.0
2019-09-17,8.87,8.41,8.87,8.41,3.878,90.0
2019-09-18,8.99,8.96,8.96,8.99,4.145,11710.0
2019-09-19,8.99,8.99,8.99,8.99,4.145,0.0
2019-09-20,9.0,8.68,8.68,9.0,4.15,6620.0
2019-09-23,9.0,9.0,9.0,9.0,4.15,50.0
2019-09-24,9.0,9.0,9.0,9.0,4.15,1850.0
2019-09-25,9.0,8.99,8.99,8.99,4.145,4000.0
2019-09-26,8.9,8.9,8.9,8.9,4.103,100.0
2019-09-27,9.5,8.8,8.81,9.5,4.38,410.0
2019-09-30,9.9,9.0,9.9,9.0,4.15,660.0
2019-10-01,9.1,9.0,9.0,9.1,4.196,17300.0
2019-10-02,9.5,8.72,9.2,8.8,4.057,20830.0
2019-10-03,8.9,8.81,8.9,8.81,4.062,5380.0
2019-10-04,9.42,9.1,9.33,9.42,4.343,33680.0
2019-10-07,10.0,9.43,9.43,9.94,4.583,90170.0
2019-10-08,10.0,9.94,9.94,9.95,4.588,770.0
2019-10-09,10.55,9.45,10.55,9.45,4.357,21810.0
2019-10-10,9.8,9.8,9.8,9.8,4.518,10.0
2019-10-11,10.0,9.35,9.5,9.79,4.514,220.0
2019-10-14,10.0,9.12,10.0,9.79,4.514,2060.0
2019-10-15,9.79,9.79,9.79,9.79,4.514,0.0
2019-10-16,9.99,9.4,9.99,9.78,4.509,2400.0
2019-10-17,9.94,9.2,9.94,9.2,4.242,2490.0
2019-10-18,9.84,9.84,9.84,9.84,4.537,10.0
2019-10-21,10.0,9.31,10.0,9.79,4.514,18470.0
2019-10-22,9.5,9.5,9.5,9.5,4.38,1150.0
2019-10-23,9.5,9.12,9.5,9.12,4.205,6840.0
2019-10-24,9.3,9.15,9.15,9.3,4.288,5380.0
2019-10-25,9.86,9.5,9.86,9.5,4.38,40.0
2019-10-28,9.9,9.39,9.9,9.69,4.468,3530.0
2019-10-29,9.69,9.22,9.69,9.22,4.251,80.0
2019-10-30,9.4,9.4,9.4,9.4,4.334,20.0
2019-10-31,9.4,9.3,9.3,9.4,4.334,4100.0
2019-11-01,9.4,9.1,9.4,9.39,4.329,1490.0
2019-11-04,9.49,9.0,9.3,9.05,4.173,3370.0
2019-11-05,9.3,9.1,9.3,9.1,4.196,1800.0
2019-11-06,9.4,9.2,9.2,9.22,4.251,4000.0
2019-11-07,9.3,9.22,9.22,9.3,4.288,3660.0
2019-11-08,9.46,9.46,9.46,9.46,4.362,600.0
2019-11-11,9.6,9.05,9.6,9.05,4.173,340.0
2019-11-12,9.4,9.1,9.13,9.2,4.242,8290.0
2019-11-13,9.45,9.12,9.45,9.12,4.205,60.0
2019-11-14,9.4,9.3,9.4,9.3,4.288,10460.0
2019-11-15,9.31,9.3,9.3,9.3,4.288,3050.0
2019-11-18,9.3,9.3,9.3,9.3,4.288,6460.0
2019-11-19,9.3,9.3,9.3,9.3,4.288,10300.0
2019-11-20,9.3,9.21,9.3,9.21,4.246,10340.0
2019-11-21,9.3,9.25,9.3,9.3,4.288,7480.0
2019-11-22,9.3,9.1,9.3,9.3,4.288,4520.0
2019-11-25,9.3,9.1,9.3,9.15,4.219,19440.0
2019-11-26,9.4,9.4,9.4,9.4,4.334,50.0
2019-11-27,9.15,9.13,9.15,9.13,4.209,2600.0
2019-11-28,9.25,9.1,9.15,9.25,4.265,34490.0
2019-11-29,9.25,9.0,9.25,9.05,4.173,2900.0
2019-12-02,9.41,9.0,9.03,9.0,4.15,49240.0
2019-12-03,9.2,9.2,9.2,9.2,4.242,300.0
2019-12-04,9.2,9.2,9.2,9.2,4.242,0.0
2019-12-05,9.0,9.0,9.0,9.0,4.15,3680.0
2019-12-06,9.2,9.1,9.1,9.1,4.196,3010.0
2019-12-09,9.1,9.1,9.1,9.1,4.196,0.0
2019-12-10,9.0,9.0,9.0,9.0,4.15,20.0
2019-12-11,8.91,8.91,8.91,8.91,4.108,20.0
2019-12-12,9.1,9.1,9.1,9.1,4.196,1000.0
2019-12-13,9.24,9.24,9.24,9.24,4.26,500.0
2019-12-16,9.34,9.34,9.34,9.34,4.306,1150.0
2019-12-17,9.25,9.25,9.25,9.25,4.265,17700.0
2019-12-18,9.17,9.17,9.17,9.17,4.228,2100.0
2019-12-19,9.3,9.15,9.17,9.3,4.288,8670.0
2019-12-20,9.3,9.15,9.3,9.15,4.219,1360.0
2019-12-23,9.15,9.15,9.15,9.15,4.219,0.0
2019-12-24,9.5,9.15,9.15,9.45,4.357,3450.0
2019-12-25,9.4,9.2,9.2,9.4,4.334,120.0
2019-12-26,9.4,9.4,9.4,9.4,4.334,0.0
2019-12-27,9.3,9.3,9.3,9.3,4.288,4030.0
2019-12-30,9.5,9.3,9.3,9.5,4.38,11010.0
2019-12-31,9.6,9.1,9.6,9.1,4.196,8350.0
2020-01-02,9.2,9.2,9.2,9.2,4.242,1550.0
2020-01-03,9.8,9.26,9.8,9.5,4.38,15480.0
2020-01-06,9.5,9.5,9.5,9.5,4.38,60.0
2020-01-07,9.2,9.13,9.18,9.2,4.242,21860.0
2020-01-08,9.68,9.68,9.68,9.68,4.463,10.0
2020-01-09,9.4,9.13,9.4,9.13,4.209,6430.0
2020-01-10,9.2,9.1,9.2,9.2,4.242,20100.0
2020-01-13,9.2,9.0,9.2,9.0,4.15,7560.0
2020-01-14,9.43,9.2,9.43,9.2,4.242,160.0
2020-01-15,9.2,9.15,9.2,9.15,4.219,680.0
2020-01-16,9.2,9.0,9.0,9.0,4.15,2090.0
2020-01-17,9.0,9.0,9.0,9.0,4.15,240.0
2020-01-20,9.2,9.0,9.2,9.0,4.15,3470.0
2020-01-21,9.39,9.02,9.02,9.1,4.196,380.0
2020-01-22,9.3,9.15,9.15,9.3,4.288,15670.0
2020-01-30,9.2,8.8,9.2,9.2,4.242,4270.0
2020-01-31,9.15,9.0,9.15,9.1,4.196,10510.0
2020-02-03,9.0,8.7,9.0,9.0,4.15,320.0
2020-02-04,9.0,8.9,8.9,9.0,4.15,13840.0
2020-02-05,9.0,8.9,8.91,9.0,4.15,50.0
2020-02-06,9.2,8.9,9.2,9.0,4.15,6550.0
2020-02-07,9.2,9.1,9.2,9.1,4.196,1770.0
2020-02-10,9.1,9.1,9.1,9.1,4.196,10.0
2020-02-11,9.3,9.1,9.3,9.1,4.196,220.0
2020-02-12,9.1,9.1,9.1,9.1,4.196,3420.0
2020-02-13,9.2,9.1,9.1,9.15,4.219,5850.0
2020-02-14,9.2,9.0,9.2,9.0,4.15,5700.0
2020-02-17,9.0,8.95,9.0,8.95,4.127,2610.0
2020-02-18,9.0,9.0,9.0,9.0,4.15,1000.0
2020-02-19,9.0,9.0,9.0,9.0,4.15,8250.0
2020-02-20,9.15,9.0,9.15,9.0,4.15,15340.0
2020-02-21,9.2,8.95,8.95,9.2,4.242,230.0
2020-02-24,9.2,8.95,9.0,9.2,4.242,3240.0
2020-02-25,9.2,9.2,9.2,9.2,4.242,10.0
2020-02-26,9.2,9.2,9.2,9.2,4.242,250.0
2020-02-27,9.18,9.0,9.0,9.18,4.233,110.0
2020-02-28,9.17,9.0,9.1,9.17,4.228,6070.0
2020-03-02,9.0,9.0,9.0,9.0,4.15,470.0
2020-03-03,9.0,8.7,9.0,8.76,4.039,8770.0
2020-03-04,9.14,8.76,9.1,8.95,4.127,4490.0
2020-03-05,9.1,8.72,8.72,9.0,4.15,5630.0
2020-03-06,9.0,9.0,9.0,9.0,4.15,9840.0
2020-03-09,9.0,8.85,9.0,8.99,4.145,14790.0
2020-03-10,9.0,8.37,8.37,9.0,4.15,250.0
2020-03-11,9.1,8.81,8.86,9.1,4.196,5610.0
2020-03-12,8.85,8.47,8.7,8.85,4.08,20990.0
2020-03-13,8.73,8.24,8.25,8.5,3.919,5810.0
2020-03-16,8.85,8.6,8.85,8.6,3.965,220.0
2020-03-17,8.95,8.1,8.1,8.5,3.919,1260.0
2020-03-18,8.94,8.94,8.94,8.94,4.122,10.0
2020-03-19,8.9,8.38,8.6,8.38,3.864,19250.0
2020-03-20,8.88,8.01,8.4,8.01,3.693,5020.0
2020-03-23,8.5,7.45,8.5,7.45,3.435,7340.0
2020-03-24,7.96,6.94,7.96,6.94,3.2,10760.0
2020-03-25,7.42,6.46,6.46,7.42,3.421,32700.0
2020-03-26,7.91,7.91,7.91,7.91,3.647,20.0
2020-03-27,7.51,7.51,7.51,7.51,3.463,20.0
2020-03-30,7.62,7.5,7.58,7.6,3.504,10720.0
2020-03-31,7.75,7.12,7.12,7.6,3.504,24220.0
2020-04-01,7.6,7.5,7.5,7.55,3.481,10890.0
2020-04-03,7.8,7.8,7.8,7.8,3.596,10.0
2020-04-06,8.2,8.1,8.2,8.1,3.735,12840.0
2020-04-07,8.39,7.8,8.2,7.8,3.596,2720.0
2020-04-08,8.33,7.7,8.33,7.71,3.555,5840.0
2020-04-09,8.1,7.76,8.09,7.76,3.578,2700.0
2020-04-10,8.3,8.1,8.3,8.3,3.827,15050.0
2020-04-13,8.5,8.0,8.0,8.5,3.919,9090.0
2020-04-14,8.5,8.02,8.02,8.1,3.735,7940.0
2020-04-15,8.1,8.0,8.01,8.03,3.702,7470.0
2020-04-16,8.35,7.7,7.7,8.06,3.716,16510.0
2020-04-17,8.6,8.2,8.59,8.45,3.896,10440.0
2020-04-20,8.7,8.32,8.44,8.32,3.836,3210.0
2020-04-21,8.4,8.1,8.1,8.25,3.804,22680.0
2020-04-22,8.76,7.9,7.9,7.9,3.642,810.0
2020-04-23,8.45,8.0,8.0,8.45,3.896,660.0
2020-04-24,8.5,8.01,8.01,8.5,3.919,110.0
2020-04-27,8.44,8.2,8.38,8.44,3.891,4750.0
2020-04-28,8.3,8.1,8.1,8.3,3.827,2500.0
2020-04-29,8.8,8.3,8.3,8.8,4.057,910.0
2020-05-04,8.8,8.8,8.8,8.8,4.057,0.0
2020-05-05,8.6,8.19,8.6,8.19,3.776,18790.0
2020-05-06,8.23,7.7,8.19,7.7,3.55,3760.0
2020-05-07,8.23,7.74,8.2,8.23,3.795,1600.0
2020-05-08,8.7,8.5,8.55,8.6,3.965,2170.0
2020-05-11,8.05,8.03,8.05,8.05,3.712,10000.0
2020-05-12,8.5,8.4,8.5,8.4,3.873,430.0
2020-05-13,8.98,8.41,8.44,8.97,4.136,7900.0
2020-05-14,9.0,9.0,9.0,9.0,4.15,10.0
2020-05-15,9.38,9.0,9.0,9.38,4.325,560.0
2020-05-18,9.4,8.9,9.38,8.91,4.108,4200.0
2020-05-19,9.27,8.42,9.27,9.25,4.265,100.0
2020-05-20,9.1,8.65,9.1,8.9,4.103,360.0
2020-05-21,9.27,8.28,8.5,9.1,4.196,2970.0
2020-05-22,9.29,9.2,9.24,9.29,4.283,4780.0
2020-05-25,9.3,8.7,9.29,9.29,4.283,430.0
2020-05-26,9.5,9.2,9.5,9.49,4.375,240.0
2020-05-27,9.14,8.9,9.0,8.9,4.103,6300.0
2020-05-28,9.0,9.0,9.0,9.0,4.15,200.0
2020-05-29,9.39,8.4,8.5,9.39,4.329,1500.0
2020-06-01,9.21,9.0,9.03,9.21,4.246,11640.0
2020-06-02,9.42,9.2,9.21,9.42,4.343,2200.0
2020-06-03,9.3,9.3,9.3,9.3,4.288,690.0
2020-06-04,9.3,9.15,9.3,9.3,4.288,2490.0
2020-06-05,9.43,9.05,9.05,9.43,4.348,9150.0
2020-06-08,9.45,9.3,9.3,9.45,4.357,17460.0
2020-06-09,10.0,9.5,10.0,9.9,4.565,14780.0
2020-06-10,9.98,9.57,9.6,9.57,4.412,2820.0
2020-06-11,10.0,9.51,10.0,9.51,4.385,12960.0
2020-06-12,9.77,9.15,9.5,9.77,4.505,8160.0
2020-06-15,9.99,9.3,9.99,9.71,4.477,12080.0
2020-06-16,9.7,9.23,9.3,9.5,4.38,1920.0
2020-06-17,9.68,9.3,9.3,9.5,4.38,4920.0
2020-06-18,9.48,9.3,9.3,9.3,4.288,4530.0
2020-06-19,9.55,9.25,9.26,9.5,4.38,8220.0
2020-06-22,9.75,9.3,9.31,9.4,4.334,11660.0
2020-06-23,9.7,9.4,9.5,9.5,4.38,17660.0
2020-06-24,8.74,8.3,8.74,8.3,4.338,5820.0
2020-06-25,8.49,8.3,8.35,8.49,4.437,1550.0
2020-06-26,8.49,8.0,8.49,8.43,4.406,1290.0
2020-06-29,8.49,8.0,8.49,8.0,4.181,1030.0
2020-06-30,8.4,8.2,8.4,8.2,4.286,320.0
2020-07-01,8.2,8.19,8.19,8.2,4.286,2220.0
2020-07-02,8.2,8.0,8.2,8.0,4.181,2130.0
2020-07-03,8.2,8.0,8.0,8.0,4.181,2180.0
2020-07-06,8.46,8.0,8.0,8.0,4.181,560.0
2020-07-07,8.2,7.91,8.0,8.2,4.286,9080.0
2020-07-08,8.15,8.0,8.0,8.0,4.181,800.0
2020-07-09,8.47,8.0,8.0,8.3,4.338,1000.0
2020-07-10,8.35,8.02,8.35,8.02,4.191,3010.0
2020-07-13,8.35,8.35,8.35,8.35,4.364,50.0
2020-07-14,8.31,8.03,8.03,8.31,4.343,290.0
2020-07-15,8.34,8.03,8.03,8.34,4.359,240.0
2020-07-16,8.35,8.15,8.35,8.2,4.286,310.0
2020-07-17,8.2,8.0,8.1,8.1,4.233,6030.0
2020-07-20,8.1,8.0,8.1,8.0,4.181,920.0
2020-07-21,8.01,8.01,8.01,8.01,4.186,10.0
2020-07-22,8.35,8.35,8.35,8.35,4.364,10.0
2020-07-23,8.34,8.0,8.0,8.34,4.359,250.0
2020-07-24,8.01,7.78,8.01,8.0,4.181,6660.0
2020-07-27,7.95,7.44,7.45,7.44,3.888,6450.0
2020-07-28,7.69,7.44,7.44,7.69,4.019,7520.0
2020-07-29,7.8,7.5,7.8,7.5,3.92,260.0
2020-07-30,7.83,7.5,7.51,7.83,4.092,3810.0
2020-07-31,7.8,7.4,7.4,7.51,3.925,3910.0
2020-08-03,7.79,7.51,7.51,7.79,4.071,5310.0
2020-08-04,7.98,7.54,7.98,7.93,4.144,3420.0
2020-08-05,7.85,7.53,7.53,7.85,4.103,680.0
2020-08-06,7.85,7.58,7.85,7.6,3.972,6650.0
2020-08-07,7.79,7.58,7.79,7.79,4.071,260.0
2020-08-10,7.8,7.62,7.8,7.65,3.998,7510.0
2020-08-11,7.98,7.63,7.98,7.97,4.165,120.0
2020-08-12,8.2,7.89,7.89,8.2,4.286,5430.0
2020-08-13,8.5,8.02,8.49,8.2,4.286,1460.0
2020-08-14,8.49,8.2,8.49,8.39,4.385,21620.0
2020-08-17,8.52,8.39,8.39,8.52,4.453,9660.0
2020-08-18,9.11,8.6,8.65,9.11,4.761,28130.0
2020-08-19,9.74,9.05,9.05,9.74,5.09,152590.0
2020-08-20,10.4,10.3,10.4,10.4,5.435,195610.0
2020-08-21,11.1,11.1,11.1,11.1,5.801,39730.0
2020-08-24,11.85,11.85,11.85,11.85,6.193,26010.0
2020-08-25,12.65,11.85,12.65,12.65,6.611,559320.0
2020-08-26,13.5,12.65,13.1,13.5,7.055,154270.0
2020-08-27,13.0,12.6,12.7,12.6,6.585,115450.0
2020-08-28,11.75,11.75,11.75,11.75,6.141,129760.0
2020-08-31,11.6,10.95,11.0,11.0,5.749,302270.0
2020-09-01,11.5,10.8,10.8,11.5,6.01,54250.0
2020-09-03,11.8,10.95,11.2,10.95,5.723,15650.0
2020-09-04,11.0,10.3,10.5,10.8,5.644,41470.0
2020-09-07,11.0,10.45,10.8,10.8,5.644,80980.0
2020-09-08,10.8,10.7,10.8,10.7,5.592,37150.0
2020-09-09,10.7,10.35,10.35,10.65,5.566,30660.0
2020-09-10,11.0,10.45,11.0,10.8,5.644,18080.0
2020-09-11,10.8,10.4,10.8,10.75,5.618,28110.0
2020-09-14,11.2,10.4,11.2,10.8,5.644,36000.0
2020-09-15,11.55,10.8,10.8,11.45,5.984,78340.0
2020-09-16,12.0,11.45,11.45,11.7,6.115,91640.0
2020-09-17,12.0,11.55,11.7,11.6,6.062,35230.0
2020-09-18,11.65,11.5,11.55,11.65,6.089,38210.0
2020-09-21,11.6,11.2,11.5,11.5,6.01,80310.0
2020-09-22,11.8,11.3,11.3,11.35,5.932,18020.0
2020-09-23,11.75,11.45,11.5,11.5,6.01,31060.0
2020-09-24,11.7,11.35,11.7,11.5,6.01,130330.0
2020-09-25,11.5,11.4,11.45,11.5,6.01,4530.0
2020-09-28,11.8,11.5,11.5,11.7,6.115,71210.0
2020-09-29,12.5,11.7,11.75,12.15,6.35,162720.0
2020-09-30,12.5,12.0,12.4,12.4,6.481,59160.0
2020-10-01,13.1,12.3,12.3,12.95,6.768,113150.0
2020-10-02,13.1,12.45,12.95,12.8,6.69,40180.0
2020-10-05,13.2,12.55,12.8,13.15,6.873,36220.0
2020-10-06,13.5,12.45,13.15,12.95,6.768,10560.0
2020-10-07,13.3,12.5,12.5,13.15,6.873,210970.0
2020-10-08,13.2,12.85,13.15,13.0,6.794,59520.0
2020-10-09,13.75,12.95,13.0,13.75,7.186,151270.0
2020-10-12,14.7,13.8,14.0,14.65,7.656,200890.0
2020-10-13,15.1,14.65,15.0,15.1,7.892,37540.0
2020-10-14,15.25,14.8,15.1,15.1,7.892,182690.0
2020-10-15,15.05,14.5,14.9,14.8,7.735,37600.0
2020-10-16,15.25,14.6,14.6,15.2,7.944,86190.0
2020-10-19,15.3,14.75,15.0,15.2,7.944,29860.0
2020-10-20,15.2,14.45,15.2,14.9,7.787,18420.0
2020-10-21,15.8,15.1,15.1,15.25,7.97,121020.0
2020-10-22,15.25,14.8,15.0,15.25,7.97,34690.0
2020-10-23,16.3,15.2,15.45,16.0,8.362,136960.0
2020-10-26,16.4,16.0,16.3,16.1,8.414,50950.0
2020-10-27,16.2,15.9,16.0,16.1,8.414,89760.0
2020-10-28,16.05,15.15,15.9,15.2,7.944,102270.0
2020-10-29,15.5,15.0,15.0,15.4,8.048,71570.0
2020-10-30,15.6,15.1,15.45,15.4,8.048,76340.0
2020-11-02,15.4,15.15,15.4,15.4,8.048,30920.0
2020-11-03,15.7,15.4,15.65,15.4,8.048,56910.0
2020-11-04,16.0,15.4,15.4,16.0,8.362,50160.0
2020-11-05,15.9,15.6,15.65,15.8,8.258,7420.0
2020-11-06,16.0,15.4,15.8,15.8,8.258,16520.0
2020-11-09,16.4,15.8,15.8,16.4,8.571,73910.0
2020-11-10,16.5,16.1,16.4,16.45,8.597,43320.0
2020-11-11,17.3,16.45,16.45,17.1,8.937,73820.0
2020-11-12,17.3,16.55,17.1,17.3,9.041,23330.0
2020-11-13,17.5,16.9,17.0,17.1,8.937,59050.0
2020-11-16,17.3,16.7,17.2,16.8,8.78,103140.0
2020-11-17,17.0,16.0,16.0,16.9,8.832,18430.0
2020-11-18,16.9,16.5,16.9,16.9,8.832,68320.0
2020-11-19,16.85,16.5,16.6,16.5,8.623,81800.0
2020-11-20,17.65,16.7,16.8,17.65,9.224,112330.0
2020-11-23,17.7,17.0,17.65,17.3,9.041,55160.0
2020-11-24,17.5,16.8,17.5,17.4,9.094,36560.0
2020-11-25,17.3,16.9,17.1,17.3,9.041,57100.0
2020-11-26,17.7,16.9,16.9,17.45,9.12,46770.0
2020-11-27,17.75,16.9,17.45,17.7,9.251,44420.0
2020-11-30,17.4,17.0,17.0,17.0,8.885,46790.0
2020-12-01,17.5,16.9,17.5,17.2,8.989,145230.0
2020-12-02,17.25,17.0,17.05,17.1,8.937,71190.0
2020-12-03,18.25,17.15,17.2,17.75,9.277,163180.0
2020-12-04,17.95,17.6,17.6,17.7,9.251,59040.0
2020-12-07,18.0,16.95,17.55,16.95,8.859,213870.0
2020-12-08,17.6,17.05,17.05,17.5,9.146,19630.0
2020-12-09,17.95,17.4,17.85,17.6,9.198,57080.0
2020-12-10,17.8,17.1,17.5,17.2,8.989,58370.0
2020-12-11,17.5,17.0,17.0,17.5,9.146,9660.0
2020-12-14,17.7,17.2,17.7,17.5,9.146,53230.0
2020-12-15,17.65,17.2,17.3,17.4,9.094,26360.0
2020-12-16,17.5,17.0,17.5,17.4,9.094,69680.0
2020-12-17,17.45,17.15,17.4,17.3,9.041,38040.0
2020-12-18,17.5,17.15,17.3,17.5,9.146,47500.0
2020-12-21,17.6,17.35,17.35,17.4,9.094,43530.0
2020-12-22,17.25,17.0,17.2,17.2,8.989,70510.0
2020-12-23,17.05,16.5,17.0,16.8,8.78,100810.0
2020-12-24,16.8,15.65,16.8,16.35,8.545,44330.0
2020-12-25,16.35,16.1,16.35,16.2,8.467,36280.0
2020-12-28,16.2,15.6,16.2,16.1,8.414,57080.0
2020-12-29,16.6,16.2,16.3,16.4,8.571,15830.0
2020-12-30,16.7,16.0,16.0,16.4,8.571,28530.0
2020-12-31,17.4,16.5,16.75,17.3,9.041,57550.0
2021-01-04,17.4,16.8,17.3,17.2,8.989,45300.0
2021-01-05,17.5,17.2,17.5,17.2,8.989,36300.0
2021-01-06,18.2,17.15,17.2,17.8,9.303,83500.0
2021-01-07,18.1,17.8,17.8,18.1,9.46,39200.0
2021-01-08,19.2,18.3,18.3,18.9,9.878,62200.0
2021-01-11,19.3,18.0,18.9,19.0,9.93,105900.0
2021-01-12,19.05,18.4,18.5,19.0,9.93,33100.0
2021-01-13,20.0,18.6,18.6,19.1,9.982,127200.0
2021-01-14,20.1,19.1,19.1,19.8,10.348,50100.0
2021-01-15,21.15,20.1,21.15,20.5,10.714,68200.0
2021-01-18,20.65,20.5,20.5,20.5,10.714,48000.0
2021-01-19,20.55,19.2,20.55,19.8,10.348,114200.0
2021-01-20,19.75,18.5,19.1,19.75,10.322,16300.0
2021-01-21,21.0,20.5,21.0,20.8,10.871,107900.0
2021-01-22,20.8,20.4,20.65,20.7,10.818,57300.0
2021-01-25,20.5,20.4,20.5,20.4,10.662,39200.0
2021-01-26,20.4,20.0,20.4,20.2,10.557,55600.0
2021-01-27,20.3,19.4,20.2,19.5,10.191,59000.0
2021-01-28,19.3,18.15,18.15,18.15,9.486,140300.0
2021-01-29,19.4,16.9,16.9,19.4,10.139,2900.0
2021-02-01,19.8,18.1,19.4,19.5,10.191,66400.0
2021-02-02,20.0,19.0,19.0,19.7,10.296,41600.0
2021-02-03,20.0,19.7,19.9,19.95,10.426,49400.0
2021-02-04,19.9,19.5,19.6,19.6,10.243,2900.0
2021-02-05,20.0,19.5,19.65,20.0,10.453,34700.0
2021-02-08,20.0,19.1,19.9,19.8,10.348,72100.0
2021-02-09,20.8,19.8,19.8,20.0,10.453,57600.0
2021-02-17,21.1,20.0,20.0,21.0,10.975,45600.0
2021-02-18,21.9,21.1,21.2,21.85,11.419,45200.0
2021-02-19,21.85,21.7,21.85,21.8,11.393,45200.0
2021-02-22,22.5,21.8,21.8,22.5,11.759,30400.0
2021-02-23,22.8,22.3,22.8,22.4,11.707,36100.0
2021-02-24,23.95,22.4,22.4,23.95,12.517,122500.0
2021-02-25,25.6,24.85,25.5,25.6,13.379,61100.0
2021-02-26,27.35,25.6,25.6,27.35,14.294,31800.0
2021-03-01,29.25,29.0,29.0,29.25,15.287,28700.0
2021-03-02,31.25,27.3,31.25,29.85,15.6,104600.0
2021-03-03,31.0,29.0,31.0,29.2,15.261,65500.0
2021-03-04,29.2,28.2,29.2,28.2,14.738,20500.0
2021-03-05,28.7,26.4,27.5,28.7,14.999,123900.0
2021-03-08,29.8,28.7,28.7,29.65,15.496,81500.0
2021-03-09,29.7,29.0,29.65,29.65,15.496,24100.0
2021-03-10,29.65,29.0,29.65,29.4,15.365,4000.0
2021-03-11,29.4,28.5,29.4,29.1,15.208,43900.0
2021-03-12,29.3,29.0,29.1,29.1,15.208,22300.0
2021-03-15,29.1,28.05,29.1,28.6,14.947,16600.0
2021-03-16,28.5,28.0,28.35,28.5,14.895,14600.0
2021-03-17,28.5,28.0,28.5,28.5,14.895,13500.0
2021-03-18,30.45,28.6,29.3,30.45,15.914,61100.0
2021-03-19,32.55,32.3,32.3,32.55,17.012,37200.0
2021-03-22,34.6,31.4,34.6,32.6,17.038,51400.0
2021-03-23,34.85,33.1,34.2,34.85,18.214,119300.0
2021-03-24,37.0,33.5,33.5,35.0,18.292,59300.0
2021-03-25,37.0,35.0,35.0,36.4,19.024,25200.0
2021-03-26,38.5,36.9,36.9,37.8,19.755,98900.0
2021-03-29,39.0,38.0,39.0,38.3,20.017,66100.0
2021-03-30,39.0,37.9,38.0,38.1,19.912,44200.0
2021-03-31,38.85,37.0,37.5,38.7,20.226,28400.0
2021-04-01,39.0,38.0,38.6,38.0,19.86,34900.0
2021-04-02,39.0,37.5,38.0,37.5,19.599,28400.0
2021-04-05,38.0,37.5,37.6,37.55,19.625,41600.0
2021-04-06,38.5,38.0,38.0,38.5,20.121,44000.0
2021-04-07,41.15,38.1,38.5,41.15,21.506,98900.0
2021-04-08,44.0,43.9,44.0,44.0,22.996,65400.0
2021-04-09,47.05,44.55,44.55,47.05,24.59,54900.0
2021-04-12,50.3,45.0,45.0,50.3,26.288,71500.0
2021-04-13,51.0,48.0,51.0,49.9,26.079,35800.0
2021-04-14,49.9,48.3,49.9,48.3,25.243,58000.0
2021-04-15,47.5,44.95,47.1,44.95,23.492,104700.0
2021-04-16,41.85,41.85,41.85,41.85,21.872,50500.0
2021-04-19,38.95,38.95,38.95,38.95,20.356,32100.0
2021-04-20,36.25,36.25,36.25,36.25,18.945,33000.0
2021-04-22,37.9,33.75,33.75,33.75,17.639,169400.0
2021-04-23,36.1,31.4,32.5,35.5,18.553,153600.0
2021-04-26,36.5,33.05,36.5,33.5,17.508,62300.0
2021-04-27,32.5,31.2,31.5,31.6,16.515,32800.0
2021-04-28,32.0,29.6,32.0,31.5,16.463,24800.0
2021-04-29,33.6,30.0,30.0,31.2,16.306,9200.0
2021-05-04,32.1,29.3,29.5,31.2,16.306,36400.0
2021-05-05,31.2,29.25,31.2,31.0,16.201,17900.0
2021-05-06,31.2,29.2,31.0,29.6,15.47,16200.0
2021-05-07,30.9,28.0,30.9,28.0,14.634,35700.0
2021-05-10,29.1,28.2,29.0,28.2,14.738,38800.0
2021-05-11,28.65,27.6,28.2,27.8,14.529,49400.0
2021-05-12,28.9,28.2,28.2,28.6,14.947,33500.0
2021-05-13,29.1,28.2,28.2,28.65,14.973,50600.0
2021-05-14,30.5,28.6,28.7,28.65,14.973,66600.0
2021-05-17,29.8,28.3,29.8,28.6,14.947,79000.0
2021-05-18,28.6,28.0,28.6,28.0,14.634,79300.0
2021-05-19,28.75,27.9,28.75,27.9,14.581,36100.0
2021-05-20,25.8,24.9,25.8,24.9,14.576,14000.0
2021-05-21,24.9,24.8,24.9,24.9,14.576,5500.0
2021-05-24,25.4,24.8,24.8,24.8,14.517,24500.0
2021-05-25,24.85,24.0,24.85,24.3,14.225,61300.0
2021-05-26,24.3,23.8,24.3,24.2,14.166,35300.0
2021-05-27,24.1,23.5,23.6,23.6,13.815,37300.0
2021-05-28,23.5,22.8,22.8,23.1,13.522,67300.0
2021-05-31,24.0,22.5,23.0,22.5,13.171,35000.0
2021-06-01,22.4,21.6,22.25,22.0,12.878,34700.0
2021-06-02,21.9,21.2,21.9,21.5,12.586,41400.0
2021-06-03,23.0,22.4,22.4,23.0,13.464,36900.0
2021-06-04,24.6,24.55,24.6,24.6,14.4,63400.0
2021-06-07,26.3,26.3,26.3,26.3,15.395,12100.0
2021-06-08,28.1,28.0,28.1,28.1,16.449,190700.0
2021-06-09,28.2,26.15,26.2,28.0,16.391,56600.0
2021-06-10,28.0,26.05,28.0,27.65,16.186,30000.0
2021-06-11,27.75,26.7,27.65,27.4,16.039,58000.0
2021-06-14,27.0,26.6,26.6,26.6,15.571,25800.0
2021-06-15,27.0,26.0,26.65,26.65,15.6,31600.0
2021-06-16,26.8,26.0,26.3,26.8,15.688,25100.0
2021-06-17,28.65,26.35,26.8,28.65,16.771,78700.0
2021-06-18,30.2,28.5,30.1,28.7,16.8,72400.0
2021-06-21,29.0,28.1,28.1,28.9,16.917,8200.0
2021-06-22,29.7,28.0,29.7,28.0,16.391,38700.0
2021-06-23,28.0,27.35,28.0,27.9,16.332,18900.0
2021-06-24,27.9,26.7,27.1,27.9,16.332,42100.0
2021-06-25,27.9,26.8,27.0,27.9,16.332,12400.0
2021-06-28,27.8,26.7,26.7,27.0,15.805,11900.0
2021-06-29,27.65,26.8,27.65,26.9,15.747,13900.0
2021-06-30,26.9,26.2,26.9,26.2,15.337,15100.0
2021-07-01,26.9,26.3,26.3,26.8,15.688,36100.0
2021-07-02,27.2,26.5,26.8,26.75,15.659,26600.0
2021-07-05,27.0,26.3,26.75,26.8,15.688,11100.0
2021-07-06,26.65,26.0,26.55,26.0,15.22,17300.0
2021-07-07,26.5,25.8,26.0,26.5,15.513,20000.0
2021-07-08,26.2,26.0,26.0,26.0,15.22,3800.0
2021-07-09,26.4,25.0,25.0,25.7,15.044,10700.0
2021-07-12,25.6,23.95,24.5,23.95,14.02,40900.0
2021-07-13,24.05,23.0,23.95,23.1,13.522,24000.0
2021-07-14,24.65,23.0,24.65,24.4,14.283,5600.0
2021-07-15,24.7,24.15,24.2,24.45,14.313,6800.0
2021-07-16,24.6,24.05,24.45,24.5,14.342,9200.0
2021-07-19,23.9,22.85,23.05,23.8,13.932,36200.0
2021-07-20,25.25,23.9,24.0,24.6,14.4,47600.0
2021-07-21,24.9,23.6,23.9,23.95,14.02,8900.0
2021-07-22,24.8,24.0,24.0,24.8,14.517,9400.0
2021-07-23,25.0,24.0,25.0,24.1,14.108,12300.0
2021-07-26,24.8,23.8,24.8,24.4,14.283,4800.0
2021-07-27,25.0,24.0,24.0,24.4,14.283,21200.0
2021-07-28,24.4,24.05,24.05,24.4,14.283,900.0
2021-07-29,24.5,24.0,24.1,24.5,14.342,13900.0
2021-07-30,24.5,24.1,24.1,24.5,14.342,5600.0
2021-08-02,24.3,23.8,24.0,24.1,14.108,11300.0
2021-08-03,24.2,24.0,24.1,24.2,14.166,10200.0
2021-08-04,24.2,23.9,24.2,24.0,14.049,39600.0
2021-08-05,24.0,23.55,24.0,24.0,14.049,32000.0
2021-08-06,25.15,23.8,25.15,24.5,14.342,3700.0
2021-08-09,24.85,23.95,24.5,24.6,14.4,31400.0
2021-08-10,26.0,24.0,24.0,25.9,15.161,47900.0
2021-08-11,26.5,25.35,26.5,25.95,15.191,22600.0
2021-08-12,26.5,25.65,25.65,26.0,15.22,50600.0
2021-08-13,27.8,25.95,25.95,27.8,16.274,88400.0
2021-08-16,28.8,27.55,28.7,27.9,16.332,46500.0
2021-08-17,28.35,27.05,27.9,27.6,16.156,16500.0
2021-08-18,27.0,25.8,27.0,26.15,15.308,44800.0
2021-08-19,26.7,25.65,25.65,26.0,15.22,30200.0
2021-08-20,26.4,24.8,26.0,24.8,14.517,34700.0
2021-08-23,24.45,24.0,24.1,24.0,14.049,24100.0
2021-08-24,24.6,23.5,23.6,24.3,14.225,16600.0
2021-08-25,24.3,23.55,23.55,24.0,14.049,9800.0
2021-08-26,24.5,23.8,24.0,23.8,13.932,20900.0
2021-08-27,24.6,23.9,23.9,24.4,14.283,5300.0
2021-08-30,25.5,24.2,24.5,25.2,14.752,100100.0
2021-08-31,26.95,26.95,26.95,26.95,15.776,41600.0
2021-09-01,28.8,28.7,28.8,28.8,16.859,332100.0
2021-09-06,30.7,28.6,30.7,29.1,17.035,143900.0
2021-09-07,29.45,27.8,29.45,28.45,16.654,141200.0
2021-09-08,27.95,26.5,26.8,27.0,15.805,247100.0
2021-09-09,27.7,26.8,27.0,27.5,16.098,70400.0
2021-09-10,28.3,27.6,27.6,27.95,16.361,44700.0
2021-09-13,28.5,26.8,28.5,27.0,15.805,89300.0
2021-09-14,27.7,26.9,27.0,26.9,15.747,47400.0
2021-09-15,27.0,26.6,26.8,27.0,15.805,36000.0
2021-09-16,27.15,26.9,27.0,27.0,15.805,52900.0
2021-09-17,27.6,27.1,27.4,27.5,16.098,58300.0
2021-09-20,29.0,28.0,28.05,28.55,16.713,117800.0
2021-09-21,28.3,27.3,28.3,28.0,16.391,67000.0
2021-09-22,29.3,27.6,27.7,29.2,17.093,140700.0
2021-09-23,29.9,28.6,29.8,28.8,16.859,130000.0
2021-09-24,28.8,28.0,28.6,28.0,16.391,31200.0
2021-09-27,27.6,26.25,27.3,26.5,15.513,81000.0
2021-09-28,26.8,25.7,26.3,26.7,15.63,72300.0
2021-09-29,27.25,26.4,26.7,27.25,15.952,19500.0
2021-09-30,27.45,26.9,27.2,27.0,15.805,12400.0
2021-10-01,27.0,26.5,27.0,27.0,15.805,35500.0
2021-10-04,27.0,26.5,27.0,26.8,15.688,26900.0
2021-10-05,27.4,26.8,26.8,27.4,16.039,28100.0
2021-10-06,27.5,27.1,27.4,27.3,15.981,29200.0
2021-10-07,27.3,26.95,27.3,27.25,15.952,42900.0
2021-10-08,27.25,26.95,27.1,27.1,15.864,25200.0
2021-10-11,28.1,27.1,27.1,27.5,16.098,80500.0
2021-10-12,27.5,27.1,27.3,27.2,15.922,55600.0
2021-10-13,27.5,27.05,27.5,27.1,15.864,28000.0
2021-10-14,27.5,27.0,27.1,27.0,15.805,63200.0
2021-10-15,27.5,26.95,27.0,27.0,15.805,48800.0
2021-10-18,27.0,26.0,27.0,26.6,15.571,111200.0
2021-10-19,28.45,26.6,26.6,28.45,16.654,407100.0
2021-10-20,29.45,27.6,29.45,28.15,16.478,102900.0
2021-10-21,28.2,27.5,28.2,27.6,16.156,89200.0
2021-10-22,28.2,27.25,27.25,27.6,16.156,142600.0
2021-10-25,28.95,27.5,27.5,28.9,16.917,325500.0
2021-10-26,30.9,28.8,29.4,30.9,18.088,289600.0
2021-10-27,33.0,31.5,33.0,32.0,18.732,168600.0
2021-10-28,31.9,30.8,31.5,30.8,18.03,312200.0
2021-10-29,32.95,30.3,30.3,32.95,19.288,402700.0
2021-11-01,34.85,32.95,33.7,34.0,19.903,219600.0
2021-11-02,34.0,33.0,33.0,33.7,19.727,150000.0
2021-11-03,33.45,31.35,33.05,31.8,18.615,283400.0
2021-11-04,32.6,30.9,30.9,32.6,19.083,157600.0
2021-11-05,34.2,33.0,33.1,34.2,20.02,209400.0
2021-11-08,34.2,33.2,34.2,33.9,19.844,100400.0
2021-11-09,33.85,32.9,33.85,32.9,19.259,84000.0
2021-11-10,32.8,31.4,31.4,32.5,19.025,120300.0
2021-11-11,34.0,32.45,32.5,32.8,19.2,126200.0
2021-11-12,32.8,32.2,32.8,32.5,19.025,57900.0
2021-11-15,32.7,31.9,32.6,31.95,18.703,133200.0
2021-11-16,31.95,31.0,31.95,31.15,18.235,98500.0
2021-11-17,32.15,30.9,31.05,31.35,18.352,67900.0
2021-11-18,31.4,30.0,31.4,30.8,18.03,95400.0
2021-11-19,30.8,29.0,30.8,29.0,16.976,165700.0
2021-11-22,29.1,27.6,29.0,27.6,16.156,158300.0
2021-11-23,29.35,27.55,27.55,29.15,17.064,64000.0
2021-11-24,30.4,28.95,30.4,28.95,16.947,49200.0
2021-11-25,29.45,26.95,29.45,28.95,16.947,54500.0
2021-11-26,29.0,28.3,28.9,28.4,16.625,67000.0
2021-11-29,29.0,28.1,28.15,28.4,16.625,57000.0
2021-11-30,29.5,28.4,29.5,28.45,16.654,95100.0
2021-12-01,29.2,28.5,28.5,29.0,16.976,45500.0
2021-12-02,29.5,28.7,29.5,29.1,17.035,39700.0
2021-12-03,29.3,28.65,29.0,28.65,16.771,91000.0
2021-12-06,28.9,27.0,28.9,27.0,15.805,73900.0
2021-12-07,28.8,27.35,27.35,28.8,16.859,39100.0
2021-12-08,29.2,28.4,28.8,28.7,16.8,15900.0
2021-12-09,28.7,28.25,28.4,28.7,16.8,16100.0
2021-12-10,28.7,28.0,28.7,28.35,16.596,28300.0
2021-12-13,28.75,27.85,27.85,28.5,16.683,27100.0
2021-12-14,28.5,28.0,28.3,28.2,16.508,55600.0
2021-12-15,28.75,27.85,28.0,28.25,16.537,41600.0
2021-12-16,28.45,27.9,28.0,28.4,16.625,47000.0
2021-12-17,28.4,27.9,28.4,28.0,16.391,78200.0
2021-12-20,28.35,27.95,28.0,28.1,16.449,49000.0
2021-12-21,28.2,27.8,28.1,28.0,16.391,52000.0
2021-12-22,28.0,27.7,28.0,27.8,16.274,52000.0
2021-12-23,27.65,26.5,27.6,26.5,15.513,92100.0
2021-12-24,27.8,26.5,26.5,27.5,16.098,31800.0
2021-12-27,27.9,27.0,27.5,27.9,16.332,23600.0
2021-12-28,27.95,27.5,27.9,27.5,16.098,34900.0
2021-12-29,27.7,27.15,27.15,27.7,16.215,20400.0
2021-12-30,28.15,27.2,27.2,27.85,16.303,28600.0
2021-12-31,28.1,27.85,27.85,27.9,16.332,25400.0
2022-01-04,28.45,27.9,27.9,28.15,16.478,18200.0
2022-01-05,28.3,27.6,28.1,28.0,16.391,29800.0
2022-01-06,28.4,27.75,28.0,28.25,16.537,42800.0
2022-01-07,28.25,28.0,28.0,28.2,16.508,35100.0
2022-01-10,28.2,27.85,28.1,27.85,16.303,26000.0
2022-01-11,27.95,27.55,27.85,27.7,16.215,50000.0
2022-01-12,27.95,26.85,27.95,27.75,16.244,35700.0
2022-01-13,28.0,26.9,28.0,27.1,15.864,48400.0
2022-01-14,27.5,27.0,27.1,27.3,15.981,26700.0
2022-01-17,27.2,26.5,27.2,26.55,15.542,13800.0
2022-01-18,28.0,27.35,28.0,27.35,16.01,2300.0
2022-01-19,27.8,26.4,27.8,27.15,15.893,11800.0
2022-01-20,27.1,26.8,26.8,27.0,15.805,18200.0
2022-01-21,27.55,26.7,26.9,27.0,15.805,7400.0
2022-01-24,27.25,26.0,27.25,26.0,15.22,36200.0
2022-01-25,26.5,25.3,26.5,26.5,15.513,27600.0
2022-01-26,26.5,25.95,26.5,26.4,15.454,16100.0
2022-01-27,26.95,25.75,26.95,26.35,15.425,15100.0
2022-01-28,26.5,25.55,26.5,25.7,15.044,56300.0
2022-02-07,26.7,25.8,26.7,25.95,15.191,21400.0
2022-02-08,26.5,24.2,26.0,26.35,15.425,47200.0
2022-02-09,26.35,25.7,26.0,26.3,15.395,22300.0
2022-02-10,26.4,26.0,26.3,26.4,15.454,9000.0
2022-02-11,26.5,26.0,26.5,26.4,15.454,9600.0
2022-02-14,26.6,26.0,26.05,26.3,15.395,21200.0
2022-02-15,26.4,25.95,26.4,26.25,15.366,15700.0
2022-02-16,26.25,26.0,26.25,26.1,15.278,17900.0
2022-02-17,26.3,25.95,26.0,25.95,15.191,42000.0
2022-02-18,26.8,25.9,25.9,26.5,15.513,14900.0
2022-02-21,26.5,26.05,26.5,26.2,15.337,27600.0
2022-02-22,26.2,24.4,26.2,26.2,15.337,29100.0
2022-02-23,26.25,25.9,26.25,25.9,15.161,24100.0
2022-02-24,26.05,25.5,26.05,25.8,15.103,26800.0
2022-02-25,26.5,25.7,26.5,25.9,15.161,11600.0
2022-02-28,26.0,25.75,25.8,25.8,15.103,18200.0
2022-03-01,26.0,25.8,26.0,25.9,15.161,11400.0
2022-03-02,26.4,25.75,25.8,25.9,15.161,18300.0
2022-03-03,27.2,25.9,25.9,27.2,15.922,46500.0
2022-03-04,28.35,27.35,27.35,28.1,16.449,63800.0
2022-03-07,28.2,27.7,27.85,28.0,16.391,41400.0
2022-03-08,28.4,27.7,28.05,28.1,16.449,55100.0
2022-03-09,28.35,27.85,27.9,28.1,16.449,43400.0
2022-03-10,29.9,28.45,28.5,29.1,17.035,48000.0
2022-03-11,31.1,28.95,29.5,30.1,17.62,220500.0
2022-03-14,30.9,29.0,30.9,29.1,17.035,47100.0
2022-03-15,29.2,28.1,29.2,28.55,16.713,26100.0
2022-03-16,30.0,28.05,28.4,29.0,16.976,68000.0
2022-03-17,29.0,28.1,29.0,28.6,16.742,26100.0
2022-03-18,28.6,27.95,28.6,28.1,16.449,63600.0
2022-03-21,28.4,28.0,28.0,28.2,16.508,20400.0
2022-03-22,29.0,28.35,29.0,28.75,16.83,46600.0
2022-03-23,28.8,28.3,28.3,28.65,16.771,29500.0
2022-03-24,28.7,28.35,28.5,28.35,16.596,20000.0
2022-03-25,28.5,28.35,28.35,28.45,16.654,11700.0
2022-03-28,28.45,27.95,28.25,28.45,16.654,37100.0
2022-03-29,30.4,28.95,29.0,29.7,17.386,86900.0
2022-03-30,29.7,28.65,29.7,29.1,17.035,23500.0
2022-03-31,29.3,28.75,29.2,28.75,16.83,12700.0
2022-04-01,29.5,28.5,28.6,29.35,17.181,31300.0
2022-04-04,29.8,28.8,29.8,29.1,17.035,16800.0
2022-04-05,29.5,29.0,29.5,29.0,16.976,21300.0
2022-04-06,29.1,28.65,29.0,29.0,16.976,16000.0
2022-04-07,29.1,29.0,29.0,29.1,17.035,8400.0
2022-04-08,29.5,29.0,29.1,29.0,16.976,33400.0
2022-04-12,29.0,28.7,29.0,28.7,16.8,27100.0
2022-04-13,29.4,28.0,29.4,29.15,17.064,10700.0
2022-04-14,29.2,28.45,28.5,29.1,17.035,13500.0
2022-04-15,29.4,28.0,28.6,28.5,16.683,64700.0
2022-04-18,29.5,27.0,28.5,28.05,16.42,62600.0
2022-04-19,29.3,28.05,28.05,28.5,16.683,24200.0
2022-04-20,28.3,27.0,28.0,27.0,15.805,16200.0
2022-04-21,27.5,25.15,27.0,27.35,16.01,37900.0
2022-04-22,27.9,26.2,27.4,26.5,15.513,11300.0
2022-04-25,27.0,25.4,26.5,25.5,14.927,22800.0
2022-04-26,25.3,24.5,24.5,25.3,14.81,26400.0
2022-04-27,26.15,25.0,25.0,25.25,14.781,13100.0
2022-04-28,25.85,25.35,25.35,25.5,14.927,26800.0
2022-04-29,25.9,25.45,25.7,25.55,14.956,12800.0
2022-05-04,27.3,25.55,25.55,27.0,15.805,6400.0
2022-05-05,27.0,26.0,27.0,26.0,15.22,11200.0
2022-05-06,26.5,25.5,26.0,25.5,14.927,24700.0
2022-05-09,25.0,24.0,25.0,24.7,14.459,18100.0
2022-05-10,24.9,23.05,23.05,24.6,14.4,10700.0
2022-05-11,25.45,24.1,24.1,25.45,14.898,24200.0
2022-05-12,25.0,24.0,25.0,24.05,14.078,15800.0
2022-05-13,24.0,23.3,23.4,23.4,13.698,26100.0
2022-05-16,24.35,23.4,24.35,23.4,13.698,12700.0
2022-05-17,24.8,23.1,23.1,24.8,14.517,11300.0
2022-05-18,24.8,24.0,24.8,24.6,14.4,30300.0
2022-05-19,24.4,23.85,24.0,24.15,14.137,8700.0
2022-05-20,24.15,24.0,24.15,24.15,14.137,10200.0
2022-05-23,24.55,24.5,24.55,24.5,14.342,400.0
2022-05-24,24.2,24.0,24.0,24.15,14.137,900.0
2022-05-25,24.45,24.0,24.45,24.2,14.166,7000.0
2022-05-26,24.5,24.2,24.5,24.2,14.166,2400.0
2022-05-27,24.2,24.1,24.2,24.2,14.166,27200.0
2022-05-30,24.5,23.75,23.75,24.45,14.313,17300.0
2022-05-31,25.0,24.3,24.55,25.0,14.634,51300.0
2022-06-01,25.0,23.3,24.7,24.9,14.576,31800.0
2022-06-02,22.4,21.4,22.35,21.45,14.736,12500.0
2022-06-03,21.6,20.1,21.45,21.6,14.839,6200.0
2022-06-06,21.5,20.4,21.0,20.6,14.152,6700.0
2022-06-07,21.4,20.25,21.2,20.3,13.946,5800.0
2022-06-08,20.45,20.2,20.2,20.4,14.014,20900.0
2022-06-09,20.5,20.3,20.5,20.35,13.98,9500.0
2022-06-10,20.5,20.2,20.3,20.3,13.946,9900.0
2022-06-13,19.8,19.0,19.7,19.05,13.087,24900.0
2022-06-14,19.5,17.9,18.7,18.9,12.984,5300.0
2022-06-15,18.9,17.6,18.9,17.9,12.297,21700.0
2022-06-16,18.2,17.0,17.9,17.9,12.297,6400.0
2022-06-17,17.5,16.65,17.0,17.2,11.816,15500.0
2022-06-20,17.0,16.0,16.8,16.0,10.992,29300.0
2022-06-21,15.4,15.0,15.3,15.0,10.305,13400.0
2022-06-22,16.05,15.1,15.1,15.5,10.648,13500.0
2022-06-23,16.55,16.3,16.3,16.5,11.335,14400.0
2022-06-24,16.5,16.5,16.5,16.5,11.335,3200.0
2022-06-27,17.65,16.6,16.6,17.65,12.125,13500.0
2022-06-28,18.75,17.7,18.75,18.65,12.812,2100.0
2022-06-29,19.3,18.05,19.2,19.1,13.121,3600.0
2022-06-30,19.5,18.0,19.5,18.4,12.641,3600.0
2022-07-01,18.3,17.5,18.1,17.85,12.263,1600.0
2022-07-04,19.0,17.85,17.85,18.3,12.572,5600.0
2022-07-05,18.0,17.6,17.8,18.0,12.366,2200.0
2022-07-06,18.0,17.3,18.0,17.85,12.263,12300.0
2022-07-07,17.8,16.75,17.05,17.6,12.091,9200.0
2022-07-08,18.0,17.55,17.55,17.9,12.297,17500.0
2022-07-11,17.75,16.7,16.7,17.4,11.954,20000.0
2022-07-12,17.8,16.8,16.8,17.7,12.16,7100.0
2022-07-13,17.6,16.9,17.6,17.25,11.85,15900.0
2022-07-14,17.25,16.6,17.2,16.6,11.404,18100.0
2022-07-15,17.3,17.0,17.2,17.0,11.679,10600.0
2022-07-18,17.1,16.5,16.6,16.95,11.644,12300.0
2022-07-19,17.2,17.05,17.1,17.05,11.713,7900.0
2022-07-20,17.05,16.7,17.05,17.05,11.713,18500.0
2022-07-21,18.15,17.65,17.7,17.8,12.228,47000.0
2022-07-22,18.8,18.0,18.8,18.1,12.434,15600.0
2022-07-25,18.1,17.6,17.7,17.95,12.331,25100.0
2022-07-26,18.3,18.0,18.0,18.25,12.537,22600.0
2022-07-27,18.45,17.95,18.25,17.95,12.331,5400.0
2022-07-28,18.75,17.95,18.75,18.0,12.366,13900.0
2022-07-29,18.45,18.0,18.0,18.4,12.641,11300.0
2022-08-01,18.5,18.2,18.4,18.4,12.641,16400.0
2022-08-02,18.85,18.3,18.4,18.85,12.95,17100.0
2022-08-03,19.0,18.5,18.5,19.0,13.053,11300.0
2022-08-04,19.1,18.65,19.1,19.05,13.087,22000.0
2022-08-05,19.1,18.9,19.0,19.1,13.121,15800.0
2022-08-08,19.45,18.95,19.2,19.3,13.259,26400.0
2022-08-09,19.55,19.0,19.55,19.4,13.328,8300.0
2022-08-10,19.5,19.0,19.5,19.2,13.19,20000.0
2022-08-11,19.4,18.85,18.95,19.2,13.19,8000.0
2022-08-12,19.2,18.7,19.2,18.8,12.915,27100.0
2022-08-15,19.25,18.75,18.8,18.9,12.984,15300.0
2022-08-16,19.05,18.8,18.8,19.05,13.087,11800.0
2022-08-17,19.35,18.95,19.35,19.05,13.087,4600.0
2022-08-18,19.0,18.9,18.9,19.0,13.053,1800.0
2022-08-19,19.0,18.45,18.8,18.45,12.675,65300.0
2022-08-22,18.9,18.4,18.5,18.45,12.675,32600.0
2022-08-23,18.55,18.3,18.45,18.55,12.744,6400.0
2022-08-24,18.75,18.55,18.65,18.75,12.881,7800.0
2022-08-25,18.85,18.5,18.7,18.65,12.812,14000.0
2022-08-26,18.75,18.45,18.65,18.55,12.744,9400.0
2022-08-29,18.55,18.3,18.4,18.5,12.709,6200.0
2022-08-30,18.7,18.35,18.65,18.55,12.744,12600.0
2022-08-31,18.6,18.35,18.4,18.6,12.778,13900.0
2022-09-05,18.6,18.3,18.6,18.3,12.572,2900.0
2022-09-06,18.6,18.3,18.4,18.3,12.572,15700.0
2022-09-07,18.4,18.15,18.25,18.4,12.641,14400.0
2022-09-08,18.45,18.1,18.25,18.45,12.675,42200.0
2022-09-09,18.45,18.1,18.2,18.3,12.572,29200.0
2022-09-12,18.25,18.1,18.05,18.2,12.503,7400.0
2022-09-13,18.95,18.1,18.0,18.95,13.018,1300.0
2022-09-14,18.9,18.1,18.1,18.7,12.847,25100.0
2022-09-15,18.7,18.3,18.3,18.65,12.812,600.0
2022-09-16,18.3,18.25,18.3,18.3,12.572,33600.0
2022-09-19,18.85,17.95,18.85,18.25,12.537,22500.0
2022-09-20,18.5,17.85,17.9,18.4,12.641,20300.0
2022-09-21,18.35,18.3,18.3,18.35,12.606,700.0
2022-09-22,18.3,18.0,18.2,18.3,12.572,2900.0
2022-09-23,18.3,18.0,18.2,18.3,12.572,12400.0
2022-09-26,18.1,17.55,18.1,18.0,12.366,18600.0
2022-09-27,17.8,16.8,17.8,17.6,12.091,36000.0
2022-09-28,17.7,17.0,17.15,17.6,12.091,19600.0
2022-09-29,17.6,17.6,17.6,17.6,12.091,6600.0
2022-09-30,17.5,16.9,17.15,17.5,12.022,10100.0
2022-10-03,17.5,16.8,17.0,16.8,11.541,9600.0
2022-10-04,16.9,15.65,16.05,15.65,10.751,9900.0
2022-10-05,16.45,15.65,15.65,16.25,11.164,8000.0
2022-10-06,16.25,16.0,16.1,16.15,11.095,4000.0
2022-10-07,16.1,15.4,16.1,15.95,10.957,3700.0
2022-10-10,16.35,15.0,15.95,16.05,11.026,4500.0
2022-10-11,16.05,15.1,16.0,15.8,10.854,4700.0
2022-10-12,15.9,15.6,15.65,15.9,10.923,24400.0
2022-10-13,16.3,15.9,15.9,16.3,11.198,300.0
2022-10-14,16.0,15.95,16.0,15.95,10.957,1600.0
2022-10-17,16.0,16.0,16.0,16.0,10.992,800.0
2022-10-18,16.4,16.0,16.0,16.4,11.267,1500.0
2022-10-19,16.35,15.7,16.35,15.7,10.786,3000.0
2022-10-20,16.0,15.8,16.0,15.95,10.957,400.0
2022-10-21,16.0,15.3,16.0,15.7,10.786,900.0
2022-10-24,15.8,15.05,15.7,15.05,10.339,23100.0
2022-10-25,15.45,15.0,15.45,15.35,10.545,7400.0
2022-10-26,15.35,14.4,15.35,14.95,10.27,8300.0
2022-10-27,15.3,14.3,14.9,15.3,10.511,2100.0
2022-10-28,15.25,15.0,15.0,15.25,10.477,500.0
2022-10-31,15.0,15.0,15.0,15.0,10.305,600.0
2022-11-01,15.0,14.4,15.0,14.95,10.27,4100.0
2022-11-02,14.95,13.95,14.15,14.95,10.27,8200.0
2022-11-03,14.95,14.5,14.9,14.9,10.236,1000.0
2022-11-04,14.55,13.9,14.5,13.9,9.549,11100.0
2022-11-07,14.15,13.1,13.6,13.8,9.48,4600.0
2022-11-08,13.45,13.0,13.3,13.45,9.24,14500.0
2022-11-09,13.75,13.0,13.1,13.4,9.206,10200.0
2022-11-10,13.3,12.9,13.15,13.3,9.137,6700.0
2022-11-11,14.0,14.0,14.0,14.0,9.618,100.0
2022-11-14,13.45,13.1,13.45,13.4,9.206,1400.0
2022-11-15,12.95,12.5,12.5,12.9,8.862,1800.0
2022-11-16,13.5,12.0,12.0,13.5,9.274,17100.0
2022-11-17,13.8,13.5,13.6,13.7,9.412,1400.0
2022-11-18,13.7,13.5,13.5,13.7,9.412,300.0
2022-11-21,14.5,12.9,14.5,13.7,9.412,300.0
2022-11-22,14.35,13.3,14.35,13.35,9.171,2700.0
2022-11-23,13.8,12.9,13.8,12.9,8.862,1000.0
2022-11-24,12.85,12.0,12.25,12.5,8.587,8000.0
2022-11-25,12.6,12.45,12.5,12.5,8.587,9900.0
2022-11-28,13.35,12.65,13.0,13.15,9.034,5500.0
2022-11-29,13.75,12.65,13.75,13.05,8.965,18400.0
2022-11-30,13.3,13.0,13.0,13.25,9.103,4600.0
2022-12-01,13.65,13.0,13.25,13.45,9.24,8700.0
2022-12-02,13.45,13.05,13.05,13.4,9.206,15100.0
2022-12-05,13.5,13.0,13.15,13.5,9.274,17100.0
2022-12-06,13.65,12.6,13.4,13.65,9.377,37800.0
2022-12-07,13.5,12.8,12.9,13.3,9.137,9500.0
2022-12-08,13.5,12.7,12.7,13.4,9.206,14100.0
2022-12-09,13.6,12.95,12.95,13.6,9.343,12400.0
2022-12-12,13.6,13.3,13.5,13.6,9.343,40200.0
2022-12-13,13.75,13.4,13.4,13.75,9.446,3800.0
2022-12-14,14.0,13.5,13.65,14.0,9.618,17700.0
2022-12-15,14.5,13.85,13.95,14.5,9.961,18100.0
2022-12-16,15.35,14.5,14.5,15.0,10.305,99200.0
2022-12-19,15.65,15.0,15.1,15.65,10.751,24500.0
2022-12-20,15.1,14.65,15.0,15.1,10.373,18800.0
2022-12-21,15.1,14.8,14.85,15.05,10.339,5800.0
2022-12-22,15.05,15.05,15.05,15.05,10.339,46500.0
2022-12-23,15.1,14.8,15.1,14.8,10.167,8400.0
2022-12-26,15.1,14.55,15.1,14.55,9.996,10000.0
2022-12-27,14.85,14.5,14.55,14.85,10.202,2600.0
2022-12-28,14.9,14.45,14.6,14.9,10.236,2100.0
2022-12-29,14.9,14.9,14.9,14.9,10.236,0.0
2022-12-30,15.5,14.65,15.5,14.65,10.064,2100.0
2023-01-03,14.9,14.6,14.65,14.9,10.236,3900.0
2023-01-04,15.0,14.9,14.9,14.9,10.236,25600.0
2023-01-05,14.95,14.7,14.75,14.95,10.27,8100.0
2023-01-06,14.95,14.5,14.65,14.95,10.27,10200.0
2023-01-09,14.9,14.0,14.75,14.9,10.236,7600.0
2023-01-10,15.8,14.05,15.8,14.95,10.27,7000.0
2023-01-11,14.95,14.9,14.9,14.95,10.27,200.0
2023-01-12,14.85,14.7,14.7,14.85,10.202,22200.0
2023-01-13,14.85,14.85,14.85,14.85,10.202,0.0
2023-01-16,14.6,14.2,14.2,14.4,9.893,3800.0
2023-01-17,14.8,14.75,14.75,14.8,10.167,3700.0
2023-01-18,15.0,14.8,14.8,14.95,10.27,700.0
2023-01-19,15.05,14.9,14.9,15.05,10.339,6100.0
2023-01-27,15.05,14.7,15.05,14.75,10.133,12600.0
2023-01-30,15.1,14.85,14.85,15.0,10.305,18200.0
2023-01-31,15.1,14.7,15.0,15.1,10.373,3900.0
2023-02-01,15.0,14.75,14.9,14.8,10.167,16800.0
2023-02-02,14.85,14.8,14.8,14.85,10.202,14600.0
2023-02-03,14.95,14.7,14.75,14.95,10.27,22000.0
2023-02-06,14.95,14.5,14.6,14.95,10.27,7200.0
2023-02-07,14.9,14.8,14.9,14.85,10.202,900.0
2023-02-08,15.0,14.5,15.0,14.8,10.167,5100.0
2023-02-09,14.8,14.4,14.55,14.8,10.167,1200.0
2023-02-10,14.7,14.25,14.3,14.4,9.893,7000.0
2023-02-13,14.8,13.85,13.85,14.3,9.824,23400.0
2023-02-14,14.4,14.05,14.05,14.1,9.686,5400.0
2023-02-15,14.85,14.25,14.85,14.25,9.79,2400.0
2023-02-16,14.75,14.25,14.25,14.75,10.133,5300.0
2023-02-17,14.7,14.15,14.7,14.4,9.893,4100.0
2023-02-20,14.7,14.4,14.4,14.7,10.099,10800.0
2023-02-21,14.8,14.7,14.8,14.7,10.099,5000.0
2023-02-22,14.9,14.5,14.9,14.9,10.236,4300.0
2023-02-23,14.9,14.4,14.5,14.9,10.236,10200.0
2023-02-24,14.6,14.15,14.45,14.4,9.893,31800.0
2023-02-27,14.4,14.15,14.2,14.4,9.893,6300.0
2023-02-28,14.45,14.35,14.35,14.45,9.927,6700.0
2023-03-01,14.6,14.45,14.5,14.6,10.03,11400.0
2023-03-02,14.6,14.5,14.5,14.6,10.03,2800.0
2023-03-03,14.55,14.5,14.55,14.55,9.996,5100.0
2023-03-06,14.65,14.55,14.65,14.6,10.03,2400.0
2023-03-07,14.5,14.15,14.4,14.5,9.961,8800.0
2023-03-08,14.65,14.25,14.25,14.65,10.064,14700.0
2023-03-09,14.7,14.5,14.5,14.7,10.099,6600.0
2023-03-10,14.95,14.7,14.7,14.95,10.27,9100.0
2023-03-13,14.9,14.6,14.85,14.85,10.202,7500.0
2023-03-14,14.8,14.45,14.8,14.7,10.099,1700.0
2023-03-15,14.95,14.75,14.85,14.95,10.27,3300.0
2023-03-16,14.65,14.65,14.65,14.65,10.064,2800.0
2023-03-17,15.0,14.65,14.65,14.9,10.236,6100.0
2023-03-20,14.75,14.55,14.55,14.7,10.099,10000.0
2023-03-21,14.85,14.5,14.85,14.65,10.064,2300.0
2023-03-22,14.7,14.65,14.7,14.7,10.099,5100.0
2023-03-23,14.7,14.45,14.45,14.7,10.099,400.0
2023-03-24,14.85,14.7,14.7,14.85,10.202,15400.0
2023-03-27,15.0,14.7,14.95,15.0,10.305,8600.0
2023-03-28,15.0,15.0,15.0,15.0,10.305,5200.0
2023-03-29,15.0,14.65,14.7,15.0,10.305,3600.0
2023-03-30,15.0,14.9,15.0,14.9,10.236,15300.0
2023-03-31,14.95,14.65,14.75,14.9,10.236,30700.0
2023-04-03,15.0,14.8,14.9,14.8,10.167,6900.0
2023-04-04,15.05,14.8,14.9,14.8,10.167,33700.0
2023-04-05,15.15,14.8,15.05,14.8,10.167,8000.0
2023-04-06,15.35,14.5,15.0,14.5,9.961,67600.0
2023-04-07,15.2,14.5,15.2,14.9,10.236,16500.0
2023-04-10,14.95,14.6,14.9,14.95,10.27,11700.0
2023-04-11,15.0,14.75,14.9,15.0,10.305,7100.0
2023-04-12,15.25,14.85,14.85,15.25,10.477,18300.0
2023-04-13,15.45,15.25,15.25,15.45,10.614,15200.0
2023-04-14,15.4,14.9,14.9,15.4,10.58,7000.0
2023-04-17,15.4,15.0,15.4,15.35,10.545,2000.0
2023-04-18,15.4,15.0,15.4,15.3,10.511,6800.0
2023-04-19,15.1,15.0,15.05,15.1,10.373,28600.0
2023-04-20,15.1,14.9,15.05,15.1,10.373,7500.0
2023-04-21,15.1,14.85,15.05,15.0,10.305,28200.0
2023-04-24,15.05,14.8,14.8,15.0,10.305,37100.0
2023-04-25,15.05,14.8,14.9,14.95,10.27,13600.0
2023-04-26,14.95,14.8,14.9,14.95,10.27,14800.0
2023-04-27,15.0,14.9,14.95,15.0,10.305,23300.0
2023-04-28,15.0,14.95,15.0,15.0,10.305,38900.0
2023-05-04,15.0,14.65,15.0,14.7,10.099,34900.0
2023-05-05,14.8,14.65,14.8,14.7,10.099,7500.0
2023-05-08,14.95,14.7,14.7,14.9,10.236,2900.0
2023-05-09,14.95,14.7,14.95,14.95,10.27,2100.0
2023-05-10,15.0,14.9,14.9,15.0,10.305,12000.0
2023-05-11,15.0,14.6,14.6,15.0,10.305,39300.0
2023-05-12,15.0,14.95,15.0,14.95,10.27,2000.0
2023-05-15,15.0,14.95,15.0,15.0,10.305,81600.0
2023-05-16,15.0,14.95,15.0,15.0,10.305,41900.0
2023-05-17,15.0,14.95,15.0,14.95,10.27,5000.0
2023-05-18,15.0,14.35,14.35,14.95,10.27,70900.0
2023-05-19,15.0,14.9,14.9,15.0,10.305,14200.0
2023-05-22,15.3,15.0,15.0,15.3,10.511,37000.0
2023-05-23,16.1,15.2,15.4,15.5,10.648,9800.0
2023-05-24,15.4,15.0,15.4,15.35,10.545,16700.0
2023-05-25,15.35,15.0,15.35,15.1,10.373,4100.0
2023-05-26,15.3,15.05,15.1,15.3,10.511,1800.0
2023-05-29,15.3,15.0,15.3,15.3,10.511,24700.0
2023-05-30,15.4,15.3,15.4,15.3,10.511,800.0
2023-05-31,15.3,15.05,15.15,15.3,10.511,7600.0
2023-06-01,15.35,15.15,15.3,15.3,10.511,19800.0
2023-06-02,16.35,15.25,15.25,16.35,11.232,71200.0
2023-06-05,17.45,16.9,17.3,17.35,11.919,66300.0
2023-06-06,17.35,16.8,17.35,17.35,11.919,20400.0
2023-06-07,17.7,17.2,17.3,17.5,12.022,10700.0
2023-06-08,17.5,17.05,17.1,17.2,11.816,14100.0
2023-06-09,17.1,16.65,17.0,17.0,11.679,18300.0
2023-06-12,16.95,16.6,16.95,16.95,11.644,31700.0
2023-06-13,17.25,16.7,17.25,16.95,11.644,8700.0
2023-06-14,17.35,16.75,17.35,16.75,11.507,21100.0
2023-06-15,16.8,16.8,16.8,16.8,11.541,9000.0
2023-06-16,16.95,16.75,16.75,16.95,11.644,5300.0
2023-06-19,17.0,16.75,16.8,17.0,11.679,10900.0
2023-06-20,17.4,16.75,16.8,17.3,11.885,3600.0
2023-06-21,17.25,16.95,17.05,17.2,11.816,13100.0
2023-06-22,17.2,16.8,16.9,17.0,11.679,8000.0
2023-06-23,17.3,16.8,17.0,17.3,11.885,13400.0
2023-06-26,17.5,17.2,17.35,17.35,11.919,18900.0
2023-06-27,17.4,17.15,17.4,17.35,11.919,2100.0
2023-06-28,17.5,17.3,17.5,17.3,11.885,4000.0
2023-06-29,17.4,17.4,17.4,17.4,11.954,200.0
2023-06-30,17.4,17.1,17.4,17.1,11.747,1400.0
2023-07-03,17.45,17.05,17.45,17.05,11.713,2200.0
2023-07-04,17.4,17.0,17.05,17.4,11.954,5700.0
2023-07-05,17.3,17.0,17.05,17.3,11.885,4400.0
2023-07-06,17.3,17.05,17.3,17.3,11.885,6400.0
2023-07-07,17.3,17.05,17.05,17.3,11.885,8300.0
2023-07-10,17.3,17.05,17.05,17.3,11.885,4000.0
2023-07-11,17.45,17.1,17.1,17.3,11.885,20300.0
2023-07-12,17.35,17.05,17.2,17.3,11.885,25500.0
2023-07-13,17.3,17.2,17.25,17.25,11.85,4200.0
2023-07-14,17.25,17.15,17.2,17.25,11.85,6000.0
2023-07-17,17.25,17.1,17.2,17.25,11.85,8500.0
2023-07-18,17.2,17.1,17.2,17.1,11.747,4600.0
2023-07-19,17.45,17.1,17.1,17.2,11.816,5600.0
2023-07-20,17.35,17.1,17.35,17.1,11.747,15900.0
2023-07-21,17.35,16.9,17.0,16.95,11.644,32000.0
2023-07-24,17.2,16.8,17.2,17.05,11.713,3800.0
2023-07-25,17.2,16.8,17.2,16.8,11.541,4300.0
2023-07-26,17.15,16.8,16.8,17.05,11.713,12900.0
2023-07-27,17.05,16.5,17.05,16.8,11.541,5300.0
2023-07-28,17.3,16.9,16.9,17.3,11.885,89300.0
2023-07-31,17.4,17.3,17.4,17.4,11.954,22300.0
2023-08-01,18.3,17.25,17.6,17.95,12.331,126000.0
2023-08-02,18.5,17.8,18.0,18.3,12.572,35000.0
2023-08-03,18.5,18.1,18.3,18.45,12.675,69500.0
2023-08-04,19.2,18.5,18.5,19.2,13.19,130300.0
2023-08-07,19.8,19.05,19.8,19.45,13.362,84500.0
2023-08-08,19.8,19.3,19.8,19.7,13.534,66200.0
2023-08-09,19.9,19.4,19.9,19.75,13.568,97700.0
2023-08-10,20.5,19.5,19.75,20.4,14.014,116500.0
2023-08-11,20.5,19.8,20.45,20.45,14.049,73100.0
2023-08-14,17.8,17.0,17.8,17.75,14.999,75000.0
2023-08-15,17.85,17.1,17.85,17.75,14.999,65000.0
2023-08-16,18.2,17.4,18.1,17.9,15.126,84000.0
2023-08-17,17.9,17.0,17.5,17.7,14.957,71800.0
2023-08-18,17.85,16.5,17.7,16.5,13.943,125400.0
2023-08-21,17.25,16.5,16.8,17.25,14.576,29200.0
2023-08-22,17.5,16.65,17.2,17.5,14.788,48300.0
2023-08-23,17.5,16.95,17.5,17.35,14.661,46800.0
2023-08-24,17.4,16.9,17.3,17.2,14.534,56000.0
2023-08-25,17.45,16.6,16.6,17.25,14.576,79300.0
2023-08-28,17.3,16.8,17.3,17.25,14.576,20000.0
2023-08-29,17.3,16.85,17.25,17.2,14.534,160100.0
2023-08-30,18.0,17.0,17.4,17.65,14.914,56900.0
2023-08-31,17.7,17.2,17.2,17.65,14.914,97400.0
2023-09-05,17.75,17.2,17.6,17.7,14.957,19200.0
2023-09-06,17.75,17.3,17.75,17.6,14.872,71500.0
2023-09-07,17.5,17.2,17.45,17.5,14.788,25800.0
2023-09-08,17.5,17.1,17.2,17.4,14.703,32700.0
2023-09-11,17.45,16.75,17.4,17.2,14.534,39600.0
2023-09-12,17.1,17.1,17.1,17.1,14.45,5700.0
2023-09-13,17.2,16.7,16.85,17.05,14.407,61400.0
2023-09-14,17.0,16.6,16.7,17.0,14.365,51600.0
2023-09-15,16.7,16.4,16.65,16.6,14.027,29600.0
2023-09-18,17.0,16.35,17.0,16.85,14.238,61900.0
2023-09-19,17.35,16.5,17.1,16.95,14.323,35800.0
2023-09-20,16.95,16.7,16.75,16.8,14.196,6500.0
2023-09-21,17.5,16.6,16.85,17.2,14.534,78700.0
2023-09-22,17.2,16.5,16.9,16.8,14.196,9200.0
2023-09-25,16.9,15.8,16.9,16.7,14.112,28400.0
2023-09-26,16.7,15.55,16.25,16.5,13.943,11500.0
2023-09-27,16.45,15.85,16.2,16.4,13.858,3000.0
2023-09-28,17.0,16.0,16.15,17.0,14.365,36000.0
2023-09-29,17.15,16.55,16.8,16.9,14.281,70900.0
2023-10-02,17.3,16.9,17.0,17.0,14.365,89000.0
2023-10-03,17.15,16.35,16.4,17.0,14.365,77700.0
2023-10-04,16.9,16.1,16.9,16.85,14.238,7600.0
2023-10-05,17.15,16.4,17.1,16.8,14.196,87300.0
2023-10-06,17.05,16.45,16.8,17.0,14.365,123700.0
2023-10-09,17.1,16.5,16.9,16.9,14.281,74500.0
2023-10-10,17.2,16.5,17.1,16.9,14.281,84900.0
2023-10-11,16.9,16.5,16.6,16.75,14.154,18300.0
2023-10-12,16.75,16.5,16.7,16.5,13.943,12700.0
2023-10-13,16.75,16.0,16.5,16.75,14.154,35100.0
2023-10-16,16.95,16.45,16.8,16.75,14.154,21500.0
2023-10-17,16.9,16.25,16.25,16.3,13.774,26800.0
2023-10-18,16.75,15.75,16.6,16.1,13.605,18900.0
2023-10-19,16.0,15.5,16.0,16.0,13.52,4100.0
2023-10-20,15.95,15.85,15.95,15.85,13.393,600.0
2023-10-23,15.85,15.0,15.85,15.15,12.802,17400.0
2023-10-24,15.75,15.0,15.0,15.4,13.013,34500.0
2023-10-25,15.75,15.05,15.05,15.4,13.013,18900.0
2023-10-26,15.45,14.75,15.0,15.2,12.844,83400.0
2023-10-27,15.3,14.3,15.3,14.7,12.422,43000.0
2023-10-30,14.8,13.7,14.3,13.7,11.577,31100.0
2023-10-31,13.8,12.75,13.4,13.65,11.534,115000.0
2023-11-01,13.7,13.0,13.15,13.5,11.408,7900.0
2023-11-02,14.25,13.5,13.95,14.0,11.83,115400.0
2023-11-03,14.3,13.5,14.15,14.3,12.084,47900.0
2023-11-06,14.5,14.0,14.3,14.4,12.168,25800.0
2023-11-07,14.3,13.8,14.3,14.3,12.084,33500.0
2023-11-08,14.4,14.0,14.2,14.4,12.168,27700.0
2023-11-09,14.4,13.9,14.2,14.0,11.83,98000.0
2023-11-10,14.9,14.0,14.0,14.8,12.506,107900.0
2023-11-13,14.95,14.35,14.8,14.35,12.126,86600.0
2023-11-14,14.8,14.35,14.6,14.65,12.379,101900.0
2023-11-15,15.3,14.65,14.65,15.25,12.886,127100.0
2023-11-16,15.3,14.6,15.25,15.1,12.76,84700.0
2023-11-17,15.0,14.05,15.0,14.3,12.084,29700.0
2023-11-20,14.85,14.1,14.3,14.55,12.295,39400.0
2023-11-21,14.75,14.2,14.75,14.4,12.168,17800.0
2023-11-22,14.7,14.0,14.2,14.25,12.041,15600.0
2023-11-23,14.35,14.05,14.25,14.05,11.872,9600.0
2023-11-24,14.3,13.65,14.3,14.3,12.084,7700.0
2023-11-27,14.4,13.65,13.7,14.4,12.168,3500.0
2023-11-28,14.4,13.85,13.9,14.2,11.999,29300.0
2023-11-29,14.3,13.8,14.1,14.1,11.915,49600.0
2023-11-30,14.25,13.75,14.2,13.8,11.661,59200.0
2023-12-01,14.1,13.6,13.95,13.95,11.788,74000.0
2023-12-04,14.7,14.0,14.05,14.4,12.168,172400.0
2023-12-05,14.45,14.25,14.35,14.3,12.084,31500.0
2023-12-06,15.25,13.9,14.25,15.0,12.675,208100.0
2023-12-07,15.2,14.3,15.0,15.0,12.675,171000.0
2023-12-08,15.55,14.3,14.45,15.55,13.14,244900.0
2023-12-11,15.2,14.75,15.0,15.1,12.76,31100.0
2023-12-12,15.55,14.8,15.0,15.2,12.844,41800.0
2023-12-13,15.3,14.5,15.0,15.3,12.929,70400.0
2023-12-14,15.35,14.7,15.3,15.3,12.929,45500.0
2023-12-15,15.15,14.9,14.9,15.15,12.802,4200.0
2023-12-18,15.1,14.6,14.9,15.0,12.675,10100.0
2023-12-19,14.9,14.45,14.45,14.9,12.591,2200.0
2023-12-20,15.0,14.5,15.0,14.9,12.591,30700.0
2023-12-21,14.85,14.5,14.5,14.7,12.422,42200.0
2023-12-22,15.0,14.4,15.0,14.7,12.422,178100.0
2023-12-25,14.8,14.25,14.25,14.75,12.464,45100.0
2023-12-26,14.85,13.75,14.35,14.55,12.295,68400.0
2023-12-27,14.75,14.35,14.55,14.65,12.379,58100.0
2023-12-28,14.6,13.85,14.6,14.35,12.126,52300.0
2023-12-29,14.85,14.35,14.35,14.7,12.422,135900.0
